S927,4/28/2004,00:00:00 AM,0.014
S927,4/28/2004,1:00:00 AM,0.012
S927,4/28/2004,2:00:00 AM,0.011
S927,4/28/2004,3:00:00 AM,0.010
S927,4/28/2004,4:00:00 AM,0.011
S927,4/28/2004,5:00:00 AM,0.012
S927,4/28/2004,6:00:00 AM,0.015
S927,4/28/2004,7:00:00 AM,0.021
S927,4/28/2004,8:00:00 AM,0.020
S927,4/28/2004,9:00:00 AM,0.018
S927,4/28/2004,10:00:00 AM,0.018
S927,4/28/2004,11:00:00 AM,0.018
S927,4/28/2004,12:00:00 PM,0.017
S927,4/28/2004,1:00:00 PM,0.017
S927,4/28/2004,2:00:00 PM,0.016
S927,4/28/2004,3:00:00 PM,0.016
S927,4/28/2004,4:00:00 PM,0.017
S927,4/28/2004,5:00:00 PM,0.017
S927,4/28/2004,6:00:00 PM,0.018
S927,4/28/2004,7:00:00 PM,0.019
S927,4/28/2004,8:00:00 PM,0.019
S927,4/28/2004,9:00:00 PM,0.019
S927,4/28/2004,10:00:00 PM,0.018
S927,4/28/2004,11:00:00 PM,0.016
S927,4/29/2004,00:00:00 AM,0.014
S927,4/29/2004,1:00:00 AM,0.012
S927,4/29/2004,2:00:00 AM,0.011
S927,4/29/2004,3:00:00 AM,0.010
S927,4/29/2004,4:00:00 AM,0.011
S927,4/29/2004,5:00:00 AM,0.012
S927,4/29/2004,6:00:00 AM,0.015
S927,4/29/2004,7:00:00 AM,0.021
S927,4/29/2004,8:00:00 AM,0.020
S927,4/29/2004,9:00:00 AM,0.018
S927,4/29/2004,10:00:00 AM,0.018
S927,4/29/2004,11:00:00 AM,0.018
S927,4/29/2004,12:00:00 PM,0.017
S927,4/29/2004,1:00:00 PM,0.017
S927,4/29/2004,2:00:00 PM,0.016
S927,4/29/2004,3:00:00 PM,0.016
S927,4/29/2004,4:00:00 PM,0.017
S927,4/29/2004,5:00:00 PM,0.017
S927,4/29/2004,6:00:00 PM,0.018
S927,4/29/2004,7:00:00 PM,0.019
S927,4/29/2004,8:00:00 PM,0.019
S927,4/29/2004,9:00:00 PM,0.019
S927,4/29/2004,10:00:00 PM,0.018
S927,4/29/2004,11:00:00 PM,0.016
S927,4/30/2004,00:00:00 AM,0.014
S927,4/30/2004,1:00:00 AM,0.012
S927,4/30/2004,2:00:00 AM,0.011
S927,4/30/2004,3:00:00 AM,0.010
S927,4/30/2004,4:00:00 AM,0.011
S927,4/30/2004,5:00:00 AM,0.012
S927,4/30/2004,6:00:00 AM,0.015
S927,4/30/2004,7:00:00 AM,0.021
S927,4/30/2004,8:00:00 AM,0.020
S927,4/30/2004,9:00:00 AM,0.018
S927,4/30/2004,10:00:00 AM,0.018
S927,4/30/2004,11:00:00 AM,0.018
S927,4/30/2004,12:00:00 PM,0.017
S927,4/30/2004,1:00:00 PM,0.017
S927,4/30/2004,2:00:00 PM,0.016
S927,4/30/2004,3:00:00 PM,0.016
S927,4/30/2004,4:00:00 PM,0.017
S927,4/30/2004,5:00:00 PM,0.017
S927,4/30/2004,6:00:00 PM,0.018
S927,4/30/2004,7:00:00 PM,0.019
S927,4/30/2004,8:00:00 PM,0.019
S927,4/30/2004,9:00:00 PM,0.019
S927,4/30/2004,10:00:00 PM,0.018
S927,4/30/2004,11:00:00 PM,0.016
S927,5/1/2004,00:00:00 AM,0.014
S927,5/1/2004,1:00:00 AM,0.012
S927,5/1/2004,2:00:00 AM,0.011
S927,5/1/2004,3:00:00 AM,0.011
S927,5/1/2004,4:00:00 AM,0.011
S927,5/1/2004,5:00:00 AM,0.011
S927,5/1/2004,6:00:00 AM,0.012
S927,5/1/2004,7:00:00 AM,0.013
S927,5/1/2004,8:00:00 AM,0.017
S927,5/1/2004,9:00:00 AM,0.020
S927,5/1/2004,10:00:00 AM,0.021
S927,5/1/2004,11:00:00 AM,0.021
S927,5/1/2004,12:00:00 PM,0.020
S927,5/1/2004,1:00:00 PM,0.019
S927,5/1/2004,2:00:00 PM,0.018
S927,5/1/2004,3:00:00 PM,0.018
S927,5/1/2004,4:00:00 PM,0.018
S927,5/1/2004,5:00:00 PM,0.018
S927,5/1/2004,6:00:00 PM,0.018
S927,5/1/2004,7:00:00 PM,0.019
S927,5/1/2004,8:00:00 PM,0.019
S927,5/1/2004,9:00:00 PM,0.018
S927,5/1/2004,10:00:00 PM,0.017
S927,5/1/2004,11:00:00 PM,0.016
S927,5/2/2004,00:00:00 AM,0.014
S927,5/2/2004,1:00:00 AM,0.012
S927,5/2/2004,2:00:00 AM,0.011
S927,5/2/2004,3:00:00 AM,0.011
S927,5/2/2004,4:00:00 AM,0.011
S927,5/2/2004,5:00:00 AM,0.011
S927,5/2/2004,6:00:00 AM,0.012
S927,5/2/2004,7:00:00 AM,0.013
S927,5/2/2004,8:00:00 AM,0.017
S927,5/2/2004,9:00:00 AM,0.020
S927,5/2/2004,10:00:00 AM,0.021
S927,5/2/2004,11:00:00 AM,0.021
S927,5/2/2004,12:00:00 PM,0.020
S927,5/2/2004,1:00:00 PM,0.019
S927,5/2/2004,2:00:00 PM,0.018
S927,5/2/2004,3:00:00 PM,0.018
S927,5/2/2004,4:00:00 PM,0.018
S927,5/2/2004,5:00:00 PM,0.018
S927,5/2/2004,6:00:00 PM,0.018
S927,5/2/2004,7:00:00 PM,0.019
S927,5/2/2004,8:00:00 PM,0.019
S927,5/2/2004,9:00:00 PM,0.018
S927,5/2/2004,10:00:00 PM,0.017
S927,5/2/2004,11:00:00 PM,0.016
S927,5/3/2004,00:00:00 AM,0.014
S927,5/3/2004,1:00:00 AM,0.012
S927,5/3/2004,2:00:00 AM,0.011
S927,5/3/2004,3:00:00 AM,0.010
S927,5/3/2004,4:00:00 AM,0.011
S927,5/3/2004,5:00:00 AM,0.012
S927,5/3/2004,6:00:00 AM,0.015
S927,5/3/2004,7:00:00 AM,0.021
S927,5/3/2004,8:00:00 AM,0.020
S927,5/3/2004,9:00:00 AM,0.018
S927,5/3/2004,10:00:00 AM,0.018
S927,5/3/2004,11:00:00 AM,0.018
S927,5/3/2004,12:00:00 PM,0.017
S927,5/3/2004,1:00:00 PM,0.017
S927,5/3/2004,2:00:00 PM,0.016
S927,5/3/2004,3:00:00 PM,0.016
S927,5/3/2004,4:00:00 PM,0.017
S927,5/3/2004,5:00:00 PM,0.017
S927,5/3/2004,6:00:00 PM,0.018
S927,5/3/2004,7:00:00 PM,0.019
S927,5/3/2004,8:00:00 PM,0.019
S927,5/3/2004,9:00:00 PM,0.019
S927,5/3/2004,10:00:00 PM,0.018
S927,5/3/2004,11:00:00 PM,0.016
S927,5/4/2004,00:00:00 AM,0.014
S927,5/4/2004,1:00:00 AM,0.012
S927,5/4/2004,2:00:00 AM,0.011
S927,5/4/2004,3:00:00 AM,0.010
S927,5/4/2004,4:00:00 AM,0.011
S927,5/4/2004,5:00:00 AM,0.012
S927,5/4/2004,6:00:00 AM,0.015
S927,5/4/2004,7:00:00 AM,0.021
S927,5/4/2004,8:00:00 AM,0.020
S927,5/4/2004,9:00:00 AM,0.018
S927,5/4/2004,10:00:00 AM,0.018
S927,5/4/2004,11:00:00 AM,0.018
S927,5/4/2004,12:00:00 PM,0.017
S927,5/4/2004,1:00:00 PM,0.017
S927,5/4/2004,2:00:00 PM,0.016
S927,5/4/2004,3:00:00 PM,0.016
S927,5/4/2004,4:00:00 PM,0.017
S927,5/4/2004,5:00:00 PM,0.017
S927,5/4/2004,6:00:00 PM,0.018
S927,5/4/2004,7:00:00 PM,0.019
S927,5/4/2004,8:00:00 PM,0.019
S927,5/4/2004,9:00:00 PM,0.019
S927,5/4/2004,10:00:00 PM,0.018
S927,5/4/2004,11:00:00 PM,0.016
S921,4/28/2004,00:00:00 AM,0.050
S921,4/28/2004,1:00:00 AM,0.042
S921,4/28/2004,2:00:00 AM,0.039
S921,4/28/2004,3:00:00 AM,0.036
S921,4/28/2004,4:00:00 AM,0.038
S921,4/28/2004,5:00:00 AM,0.041
S921,4/28/2004,6:00:00 AM,0.055
S921,4/28/2004,7:00:00 AM,0.076
S921,4/28/2004,8:00:00 AM,0.070
S921,4/28/2004,9:00:00 AM,0.065
S921,4/28/2004,10:00:00 AM,0.065
S921,4/28/2004,11:00:00 AM,0.064
S921,4/28/2004,12:00:00 PM,0.061
S921,4/28/2004,1:00:00 PM,0.060
S921,4/28/2004,2:00:00 PM,0.058
S921,4/28/2004,3:00:00 PM,0.058
S921,4/28/2004,4:00:00 PM,0.059
S921,4/28/2004,5:00:00 PM,0.062
S921,4/28/2004,6:00:00 PM,0.064
S921,4/28/2004,7:00:00 PM,0.066
S921,4/28/2004,8:00:00 PM,0.068
S921,4/28/2004,9:00:00 PM,0.069
S921,4/28/2004,10:00:00 PM,0.065
S921,4/28/2004,11:00:00 PM,0.058
S921,4/29/2004,00:00:00 AM,0.050
S921,4/29/2004,1:00:00 AM,0.042
S921,4/29/2004,2:00:00 AM,0.039
S921,4/29/2004,3:00:00 AM,0.036
S921,4/29/2004,4:00:00 AM,0.038
S921,4/29/2004,5:00:00 AM,0.041
S921,4/29/2004,6:00:00 AM,0.055
S921,4/29/2004,7:00:00 AM,0.076
S921,4/29/2004,8:00:00 AM,0.070
S921,4/29/2004,9:00:00 AM,0.065
S921,4/29/2004,10:00:00 AM,0.065
S921,4/29/2004,11:00:00 AM,0.064
S921,4/29/2004,12:00:00 PM,0.061
S921,4/29/2004,1:00:00 PM,0.060
S921,4/29/2004,2:00:00 PM,0.058
S921,4/29/2004,3:00:00 PM,0.058
S921,4/29/2004,4:00:00 PM,0.059
S921,4/29/2004,5:00:00 PM,0.062
S921,4/29/2004,6:00:00 PM,0.064
S921,4/29/2004,7:00:00 PM,0.066
S921,4/29/2004,8:00:00 PM,0.068
S921,4/29/2004,9:00:00 PM,0.069
S921,4/29/2004,10:00:00 PM,0.065
S921,4/29/2004,11:00:00 PM,0.058
S921,4/30/2004,00:00:00 AM,0.050
S921,4/30/2004,1:00:00 AM,0.042
S921,4/30/2004,2:00:00 AM,0.039
S921,4/30/2004,3:00:00 AM,0.036
S921,4/30/2004,4:00:00 AM,0.038
S921,4/30/2004,5:00:00 AM,0.041
S921,4/30/2004,6:00:00 AM,0.055
S921,4/30/2004,7:00:00 AM,0.076
S921,4/30/2004,8:00:00 AM,0.070
S921,4/30/2004,9:00:00 AM,0.065
S921,4/30/2004,10:00:00 AM,0.065
S921,4/30/2004,11:00:00 AM,0.064
S921,4/30/2004,12:00:00 PM,0.061
S921,4/30/2004,1:00:00 PM,0.060
S921,4/30/2004,2:00:00 PM,0.058
S921,4/30/2004,3:00:00 PM,0.058
S921,4/30/2004,4:00:00 PM,0.059
S921,4/30/2004,5:00:00 PM,0.062
S921,4/30/2004,6:00:00 PM,0.064
S921,4/30/2004,7:00:00 PM,0.066
S921,4/30/2004,8:00:00 PM,0.068
S921,4/30/2004,9:00:00 PM,0.069
S921,4/30/2004,10:00:00 PM,0.065
S921,4/30/2004,11:00:00 PM,0.058
S921,5/1/2004,00:00:00 AM,0.050
S921,5/1/2004,1:00:00 AM,0.043
S921,5/1/2004,2:00:00 AM,0.040
S921,5/1/2004,3:00:00 AM,0.038
S921,5/1/2004,4:00:00 AM,0.038
S921,5/1/2004,5:00:00 AM,0.039
S921,5/1/2004,6:00:00 AM,0.042
S921,5/1/2004,7:00:00 AM,0.047
S921,5/1/2004,8:00:00 AM,0.061
S921,5/1/2004,9:00:00 AM,0.071
S921,5/1/2004,10:00:00 AM,0.074
S921,5/1/2004,11:00:00 AM,0.073
S921,5/1/2004,12:00:00 PM,0.069
S921,5/1/2004,1:00:00 PM,0.068
S921,5/1/2004,2:00:00 PM,0.065
S921,5/1/2004,3:00:00 PM,0.064
S921,5/1/2004,4:00:00 PM,0.062
S921,5/1/2004,5:00:00 PM,0.063
S921,5/1/2004,6:00:00 PM,0.065
S921,5/1/2004,7:00:00 PM,0.067
S921,5/1/2004,8:00:00 PM,0.066
S921,5/1/2004,9:00:00 PM,0.065
S921,5/1/2004,10:00:00 PM,0.061
S921,5/1/2004,11:00:00 PM,0.058
S921,5/2/2004,00:00:00 AM,0.050
S921,5/2/2004,1:00:00 AM,0.043
S921,5/2/2004,2:00:00 AM,0.040
S921,5/2/2004,3:00:00 AM,0.038
S921,5/2/2004,4:00:00 AM,0.038
S921,5/2/2004,5:00:00 AM,0.039
S921,5/2/2004,6:00:00 AM,0.042
S921,5/2/2004,7:00:00 AM,0.047
S921,5/2/2004,8:00:00 AM,0.061
S921,5/2/2004,9:00:00 AM,0.071
S921,5/2/2004,10:00:00 AM,0.074
S921,5/2/2004,11:00:00 AM,0.073
S921,5/2/2004,12:00:00 PM,0.069
S921,5/2/2004,1:00:00 PM,0.068
S921,5/2/2004,2:00:00 PM,0.065
S921,5/2/2004,3:00:00 PM,0.064
S921,5/2/2004,4:00:00 PM,0.062
S921,5/2/2004,5:00:00 PM,0.063
S921,5/2/2004,6:00:00 PM,0.065
S921,5/2/2004,7:00:00 PM,0.067
S921,5/2/2004,8:00:00 PM,0.066
S921,5/2/2004,9:00:00 PM,0.065
S921,5/2/2004,10:00:00 PM,0.061
S921,5/2/2004,11:00:00 PM,0.058
S921,5/3/2004,00:00:00 AM,0.050
S921,5/3/2004,1:00:00 AM,0.042
S921,5/3/2004,2:00:00 AM,0.039
S921,5/3/2004,3:00:00 AM,0.036
S921,5/3/2004,4:00:00 AM,0.038
S921,5/3/2004,5:00:00 AM,0.041
S921,5/3/2004,6:00:00 AM,0.055
S921,5/3/2004,7:00:00 AM,0.076
S921,5/3/2004,8:00:00 AM,0.070
S921,5/3/2004,9:00:00 AM,0.065
S921,5/3/2004,10:00:00 AM,0.065
S921,5/3/2004,11:00:00 AM,0.064
S921,5/3/2004,12:00:00 PM,0.061
S921,5/3/2004,1:00:00 PM,0.060
S921,5/3/2004,2:00:00 PM,0.058
S921,5/3/2004,3:00:00 PM,0.058
S921,5/3/2004,4:00:00 PM,0.059
S921,5/3/2004,5:00:00 PM,0.062
S921,5/3/2004,6:00:00 PM,0.064
S921,5/3/2004,7:00:00 PM,0.066
S921,5/3/2004,8:00:00 PM,0.068
S921,5/3/2004,9:00:00 PM,0.069
S921,5/3/2004,10:00:00 PM,0.065
S921,5/3/2004,11:00:00 PM,0.058
S921,5/4/2004,00:00:00 AM,0.050
S921,5/4/2004,1:00:00 AM,0.042
S921,5/4/2004,2:00:00 AM,0.039
S921,5/4/2004,3:00:00 AM,0.036
S921,5/4/2004,4:00:00 AM,0.038
S921,5/4/2004,5:00:00 AM,0.041
S921,5/4/2004,6:00:00 AM,0.055
S921,5/4/2004,7:00:00 AM,0.076
S921,5/4/2004,8:00:00 AM,0.070
S921,5/4/2004,9:00:00 AM,0.065
S921,5/4/2004,10:00:00 AM,0.065
S921,5/4/2004,11:00:00 AM,0.064
S921,5/4/2004,12:00:00 PM,0.061
S921,5/4/2004,1:00:00 PM,0.060
S921,5/4/2004,2:00:00 PM,0.058
S921,5/4/2004,3:00:00 PM,0.058
S921,5/4/2004,4:00:00 PM,0.059
S921,5/4/2004,5:00:00 PM,0.062
S921,5/4/2004,6:00:00 PM,0.064
S921,5/4/2004,7:00:00 PM,0.066
S921,5/4/2004,8:00:00 PM,0.068
S921,5/4/2004,9:00:00 PM,0.069
S921,5/4/2004,10:00:00 PM,0.065
S921,5/4/2004,11:00:00 PM,0.058
S3716,4/28/2004,00:00:00 AM,0.012
S3716,4/28/2004,1:00:00 AM,0.011
S3716,4/28/2004,2:00:00 AM,0.010
S3716,4/28/2004,3:00:00 AM,0.009
S3716,4/28/2004,4:00:00 AM,0.010
S3716,4/28/2004,5:00:00 AM,0.010
S3716,4/28/2004,6:00:00 AM,0.014
S3716,4/28/2004,7:00:00 AM,0.019
S3716,4/28/2004,8:00:00 AM,0.018
S3716,4/28/2004,9:00:00 AM,0.016
S3716,4/28/2004,10:00:00 AM,0.016
S3716,4/28/2004,11:00:00 AM,0.016
S3716,4/28/2004,12:00:00 PM,0.015
S3716,4/28/2004,1:00:00 PM,0.015
S3716,4/28/2004,2:00:00 PM,0.015
S3716,4/28/2004,3:00:00 PM,0.014
S3716,4/28/2004,4:00:00 PM,0.015
S3716,4/28/2004,5:00:00 PM,0.016
S3716,4/28/2004,6:00:00 PM,0.016
S3716,4/28/2004,7:00:00 PM,0.017
S3716,4/28/2004,8:00:00 PM,0.017
S3716,4/28/2004,9:00:00 PM,0.017
S3716,4/28/2004,10:00:00 PM,0.016
S3716,4/28/2004,11:00:00 PM,0.014
S3716,4/29/2004,00:00:00 AM,0.012
S3716,4/29/2004,1:00:00 AM,0.011
S3716,4/29/2004,2:00:00 AM,0.010
S3716,4/29/2004,3:00:00 AM,0.009
S3716,4/29/2004,4:00:00 AM,0.010
S3716,4/29/2004,5:00:00 AM,0.010
S3716,4/29/2004,6:00:00 AM,0.014
S3716,4/29/2004,7:00:00 AM,0.019
S3716,4/29/2004,8:00:00 AM,0.018
S3716,4/29/2004,9:00:00 AM,0.016
S3716,4/29/2004,10:00:00 AM,0.016
S3716,4/29/2004,11:00:00 AM,0.016
S3716,4/29/2004,12:00:00 PM,0.015
S3716,4/29/2004,1:00:00 PM,0.015
S3716,4/29/2004,2:00:00 PM,0.015
S3716,4/29/2004,3:00:00 PM,0.014
S3716,4/29/2004,4:00:00 PM,0.015
S3716,4/29/2004,5:00:00 PM,0.016
S3716,4/29/2004,6:00:00 PM,0.016
S3716,4/29/2004,7:00:00 PM,0.017
S3716,4/29/2004,8:00:00 PM,0.017
S3716,4/29/2004,9:00:00 PM,0.017
S3716,4/29/2004,10:00:00 PM,0.016
S3716,4/29/2004,11:00:00 PM,0.014
S3716,4/30/2004,00:00:00 AM,0.012
S3716,4/30/2004,1:00:00 AM,0.011
S3716,4/30/2004,2:00:00 AM,0.010
S3716,4/30/2004,3:00:00 AM,0.009
S3716,4/30/2004,4:00:00 AM,0.010
S3716,4/30/2004,5:00:00 AM,0.010
S3716,4/30/2004,6:00:00 AM,0.014
S3716,4/30/2004,7:00:00 AM,0.019
S3716,4/30/2004,8:00:00 AM,0.018
S3716,4/30/2004,9:00:00 AM,0.016
S3716,4/30/2004,10:00:00 AM,0.016
S3716,4/30/2004,11:00:00 AM,0.016
S3716,4/30/2004,12:00:00 PM,0.015
S3716,4/30/2004,1:00:00 PM,0.015
S3716,4/30/2004,2:00:00 PM,0.015
S3716,4/30/2004,3:00:00 PM,0.014
S3716,4/30/2004,4:00:00 PM,0.015
S3716,4/30/2004,5:00:00 PM,0.016
S3716,4/30/2004,6:00:00 PM,0.016
S3716,4/30/2004,7:00:00 PM,0.017
S3716,4/30/2004,8:00:00 PM,0.017
S3716,4/30/2004,9:00:00 PM,0.017
S3716,4/30/2004,10:00:00 PM,0.016
S3716,4/30/2004,11:00:00 PM,0.014
S3716,5/1/2004,00:00:00 AM,0.012
S3716,5/1/2004,1:00:00 AM,0.011
S3716,5/1/2004,2:00:00 AM,0.010
S3716,5/1/2004,3:00:00 AM,0.009
S3716,5/1/2004,4:00:00 AM,0.009
S3716,5/1/2004,5:00:00 AM,0.010
S3716,5/1/2004,6:00:00 AM,0.010
S3716,5/1/2004,7:00:00 AM,0.012
S3716,5/1/2004,8:00:00 AM,0.015
S3716,5/1/2004,9:00:00 AM,0.018
S3716,5/1/2004,10:00:00 AM,0.019
S3716,5/1/2004,11:00:00 AM,0.018
S3716,5/1/2004,12:00:00 PM,0.017
S3716,5/1/2004,1:00:00 PM,0.017
S3716,5/1/2004,2:00:00 PM,0.016
S3716,5/1/2004,3:00:00 PM,0.016
S3716,5/1/2004,4:00:00 PM,0.016
S3716,5/1/2004,5:00:00 PM,0.016
S3716,5/1/2004,6:00:00 PM,0.016
S3716,5/1/2004,7:00:00 PM,0.017
S3716,5/1/2004,8:00:00 PM,0.017
S3716,5/1/2004,9:00:00 PM,0.016
S3716,5/1/2004,10:00:00 PM,0.015
S3716,5/1/2004,11:00:00 PM,0.014
S3716,5/2/2004,00:00:00 AM,0.012
S3716,5/2/2004,1:00:00 AM,0.011
S3716,5/2/2004,2:00:00 AM,0.010
S3716,5/2/2004,3:00:00 AM,0.009
S3716,5/2/2004,4:00:00 AM,0.009
S3716,5/2/2004,5:00:00 AM,0.010
S3716,5/2/2004,6:00:00 AM,0.010
S3716,5/2/2004,7:00:00 AM,0.012
S3716,5/2/2004,8:00:00 AM,0.015
S3716,5/2/2004,9:00:00 AM,0.018
S3716,5/2/2004,10:00:00 AM,0.019
S3716,5/2/2004,11:00:00 AM,0.018
S3716,5/2/2004,12:00:00 PM,0.017
S3716,5/2/2004,1:00:00 PM,0.017
S3716,5/2/2004,2:00:00 PM,0.016
S3716,5/2/2004,3:00:00 PM,0.016
S3716,5/2/2004,4:00:00 PM,0.016
S3716,5/2/2004,5:00:00 PM,0.016
S3716,5/2/2004,6:00:00 PM,0.016
S3716,5/2/2004,7:00:00 PM,0.017
S3716,5/2/2004,8:00:00 PM,0.017
S3716,5/2/2004,9:00:00 PM,0.016
S3716,5/2/2004,10:00:00 PM,0.015
S3716,5/2/2004,11:00:00 PM,0.014
S3716,5/3/2004,00:00:00 AM,0.012
S3716,5/3/2004,1:00:00 AM,0.011
S3716,5/3/2004,2:00:00 AM,0.010
S3716,5/3/2004,3:00:00 AM,0.009
S3716,5/3/2004,4:00:00 AM,0.010
S3716,5/3/2004,5:00:00 AM,0.010
S3716,5/3/2004,6:00:00 AM,0.014
S3716,5/3/2004,7:00:00 AM,0.019
S3716,5/3/2004,8:00:00 AM,0.018
S3716,5/3/2004,9:00:00 AM,0.016
S3716,5/3/2004,10:00:00 AM,0.016
S3716,5/3/2004,11:00:00 AM,0.016
S3716,5/3/2004,12:00:00 PM,0.015
S3716,5/3/2004,1:00:00 PM,0.015
S3716,5/3/2004,2:00:00 PM,0.015
S3716,5/3/2004,3:00:00 PM,0.014
S3716,5/3/2004,4:00:00 PM,0.015
S3716,5/3/2004,5:00:00 PM,0.016
S3716,5/3/2004,6:00:00 PM,0.016
S3716,5/3/2004,7:00:00 PM,0.017
S3716,5/3/2004,8:00:00 PM,0.017
S3716,5/3/2004,9:00:00 PM,0.017
S3716,5/3/2004,10:00:00 PM,0.016
S3716,5/3/2004,11:00:00 PM,0.014
S3716,5/4/2004,00:00:00 AM,0.012
S3716,5/4/2004,1:00:00 AM,0.011
S3716,5/4/2004,2:00:00 AM,0.010
S3716,5/4/2004,3:00:00 AM,0.009
S3716,5/4/2004,4:00:00 AM,0.010
S3716,5/4/2004,5:00:00 AM,0.010
S3716,5/4/2004,6:00:00 AM,0.014
S3716,5/4/2004,7:00:00 AM,0.019
S3716,5/4/2004,8:00:00 AM,0.018
S3716,5/4/2004,9:00:00 AM,0.016
S3716,5/4/2004,10:00:00 AM,0.016
S3716,5/4/2004,11:00:00 AM,0.016
S3716,5/4/2004,12:00:00 PM,0.015
S3716,5/4/2004,1:00:00 PM,0.015
S3716,5/4/2004,2:00:00 PM,0.015
S3716,5/4/2004,3:00:00 PM,0.014
S3716,5/4/2004,4:00:00 PM,0.015
S3716,5/4/2004,5:00:00 PM,0.016
S3716,5/4/2004,6:00:00 PM,0.016
S3716,5/4/2004,7:00:00 PM,0.017
S3716,5/4/2004,8:00:00 PM,0.017
S3716,5/4/2004,9:00:00 PM,0.017
S3716,5/4/2004,10:00:00 PM,0.016
S3716,5/4/2004,11:00:00 PM,0.014
S2461,4/28/2004,00:00:00 AM,0.047
S2461,4/28/2004,1:00:00 AM,0.037
S2461,4/28/2004,2:00:00 AM,0.032
S2461,4/28/2004,3:00:00 AM,0.030
S2461,4/28/2004,4:00:00 AM,0.029
S2461,4/28/2004,5:00:00 AM,0.029
S2461,4/28/2004,6:00:00 AM,0.041
S2461,4/28/2004,7:00:00 AM,0.080
S2461,4/28/2004,8:00:00 AM,0.099
S2461,4/28/2004,9:00:00 AM,0.101
S2461,4/28/2004,10:00:00 AM,0.102
S2461,4/28/2004,11:00:00 AM,0.102
S2461,4/28/2004,12:00:00 PM,0.102
S2461,4/28/2004,1:00:00 PM,0.098
S2461,4/28/2004,2:00:00 PM,0.094
S2461,4/28/2004,3:00:00 PM,0.090
S2461,4/28/2004,4:00:00 PM,0.082
S2461,4/28/2004,5:00:00 PM,0.070
S2461,4/28/2004,6:00:00 PM,0.058
S2461,4/28/2004,7:00:00 PM,0.056
S2461,4/28/2004,8:00:00 PM,0.057
S2461,4/28/2004,9:00:00 PM,0.058
S2461,4/28/2004,10:00:00 PM,0.057
S2461,4/28/2004,11:00:00 PM,0.054
S2461,4/29/2004,00:00:00 AM,0.047
S2461,4/29/2004,1:00:00 AM,0.037
S2461,4/29/2004,2:00:00 AM,0.032
S2461,4/29/2004,3:00:00 AM,0.030
S2461,4/29/2004,4:00:00 AM,0.029
S2461,4/29/2004,5:00:00 AM,0.029
S2461,4/29/2004,6:00:00 AM,0.041
S2461,4/29/2004,7:00:00 AM,0.080
S2461,4/29/2004,8:00:00 AM,0.099
S2461,4/29/2004,9:00:00 AM,0.101
S2461,4/29/2004,10:00:00 AM,0.102
S2461,4/29/2004,11:00:00 AM,0.102
S2461,4/29/2004,12:00:00 PM,0.102
S2461,4/29/2004,1:00:00 PM,0.098
S2461,4/29/2004,2:00:00 PM,0.094
S2461,4/29/2004,3:00:00 PM,0.090
S2461,4/29/2004,4:00:00 PM,0.082
S2461,4/29/2004,5:00:00 PM,0.070
S2461,4/29/2004,6:00:00 PM,0.058
S2461,4/29/2004,7:00:00 PM,0.056
S2461,4/29/2004,8:00:00 PM,0.057
S2461,4/29/2004,9:00:00 PM,0.058
S2461,4/29/2004,10:00:00 PM,0.057
S2461,4/29/2004,11:00:00 PM,0.054
S2461,4/30/2004,00:00:00 AM,0.047
S2461,4/30/2004,1:00:00 AM,0.037
S2461,4/30/2004,2:00:00 AM,0.032
S2461,4/30/2004,3:00:00 AM,0.030
S2461,4/30/2004,4:00:00 AM,0.029
S2461,4/30/2004,5:00:00 AM,0.029
S2461,4/30/2004,6:00:00 AM,0.041
S2461,4/30/2004,7:00:00 AM,0.080
S2461,4/30/2004,8:00:00 AM,0.099
S2461,4/30/2004,9:00:00 AM,0.101
S2461,4/30/2004,10:00:00 AM,0.102
S2461,4/30/2004,11:00:00 AM,0.102
S2461,4/30/2004,12:00:00 PM,0.102
S2461,4/30/2004,1:00:00 PM,0.098
S2461,4/30/2004,2:00:00 PM,0.094
S2461,4/30/2004,3:00:00 PM,0.090
S2461,4/30/2004,4:00:00 PM,0.082
S2461,4/30/2004,5:00:00 PM,0.070
S2461,4/30/2004,6:00:00 PM,0.058
S2461,4/30/2004,7:00:00 PM,0.056
S2461,4/30/2004,8:00:00 PM,0.057
S2461,4/30/2004,9:00:00 PM,0.058
S2461,4/30/2004,10:00:00 PM,0.057
S2461,4/30/2004,11:00:00 PM,0.054
S2461,5/1/2004,00:00:00 AM,0.047
S2461,5/1/2004,1:00:00 AM,0.044
S2461,5/1/2004,2:00:00 AM,0.042
S2461,5/1/2004,3:00:00 AM,0.038
S2461,5/1/2004,4:00:00 AM,0.033
S2461,5/1/2004,5:00:00 AM,0.029
S2461,5/1/2004,6:00:00 AM,0.031
S2461,5/1/2004,7:00:00 AM,0.036
S2461,5/1/2004,8:00:00 AM,0.065
S2461,5/1/2004,9:00:00 AM,0.097
S2461,5/1/2004,10:00:00 AM,0.110
S2461,5/1/2004,11:00:00 AM,0.110
S2461,5/1/2004,12:00:00 PM,0.108
S2461,5/1/2004,1:00:00 PM,0.099
S2461,5/1/2004,2:00:00 PM,0.091
S2461,5/1/2004,3:00:00 PM,0.089
S2461,5/1/2004,4:00:00 PM,0.074
S2461,5/1/2004,5:00:00 PM,0.066
S2461,5/1/2004,6:00:00 PM,0.065
S2461,5/1/2004,7:00:00 PM,0.068
S2461,5/1/2004,8:00:00 PM,0.072
S2461,5/1/2004,9:00:00 PM,0.072
S2461,5/1/2004,10:00:00 PM,0.066
S2461,5/1/2004,11:00:00 PM,0.054
S2461,5/2/2004,00:00:00 AM,0.047
S2461,5/2/2004,1:00:00 AM,0.044
S2461,5/2/2004,2:00:00 AM,0.042
S2461,5/2/2004,3:00:00 AM,0.038
S2461,5/2/2004,4:00:00 AM,0.033
S2461,5/2/2004,5:00:00 AM,0.029
S2461,5/2/2004,6:00:00 AM,0.031
S2461,5/2/2004,7:00:00 AM,0.036
S2461,5/2/2004,8:00:00 AM,0.065
S2461,5/2/2004,9:00:00 AM,0.097
S2461,5/2/2004,10:00:00 AM,0.110
S2461,5/2/2004,11:00:00 AM,0.110
S2461,5/2/2004,12:00:00 PM,0.108
S2461,5/2/2004,1:00:00 PM,0.099
S2461,5/2/2004,2:00:00 PM,0.091
S2461,5/2/2004,3:00:00 PM,0.089
S2461,5/2/2004,4:00:00 PM,0.074
S2461,5/2/2004,5:00:00 PM,0.066
S2461,5/2/2004,6:00:00 PM,0.065
S2461,5/2/2004,7:00:00 PM,0.068
S2461,5/2/2004,8:00:00 PM,0.072
S2461,5/2/2004,9:00:00 PM,0.072
S2461,5/2/2004,10:00:00 PM,0.066
S2461,5/2/2004,11:00:00 PM,0.054
S2461,5/3/2004,00:00:00 AM,0.047
S2461,5/3/2004,1:00:00 AM,0.037
S2461,5/3/2004,2:00:00 AM,0.032
S2461,5/3/2004,3:00:00 AM,0.030
S2461,5/3/2004,4:00:00 AM,0.029
S2461,5/3/2004,5:00:00 AM,0.029
S2461,5/3/2004,6:00:00 AM,0.041
S2461,5/3/2004,7:00:00 AM,0.080
S2461,5/3/2004,8:00:00 AM,0.099
S2461,5/3/2004,9:00:00 AM,0.101
S2461,5/3/2004,10:00:00 AM,0.102
S2461,5/3/2004,11:00:00 AM,0.102
S2461,5/3/2004,12:00:00 PM,0.102
S2461,5/3/2004,1:00:00 PM,0.098
S2461,5/3/2004,2:00:00 PM,0.094
S2461,5/3/2004,3:00:00 PM,0.090
S2461,5/3/2004,4:00:00 PM,0.082
S2461,5/3/2004,5:00:00 PM,0.070
S2461,5/3/2004,6:00:00 PM,0.058
S2461,5/3/2004,7:00:00 PM,0.056
S2461,5/3/2004,8:00:00 PM,0.057
S2461,5/3/2004,9:00:00 PM,0.058
S2461,5/3/2004,10:00:00 PM,0.057
S2461,5/3/2004,11:00:00 PM,0.054
S2461,5/4/2004,00:00:00 AM,0.047
S2461,5/4/2004,1:00:00 AM,0.037
S2461,5/4/2004,2:00:00 AM,0.032
S2461,5/4/2004,3:00:00 AM,0.030
S2461,5/4/2004,4:00:00 AM,0.029
S2461,5/4/2004,5:00:00 AM,0.029
S2461,5/4/2004,6:00:00 AM,0.041
S2461,5/4/2004,7:00:00 AM,0.080
S2461,5/4/2004,8:00:00 AM,0.099
S2461,5/4/2004,9:00:00 AM,0.101
S2461,5/4/2004,10:00:00 AM,0.102
S2461,5/4/2004,11:00:00 AM,0.102
S2461,5/4/2004,12:00:00 PM,0.102
S2461,5/4/2004,1:00:00 PM,0.098
S2461,5/4/2004,2:00:00 PM,0.094
S2461,5/4/2004,3:00:00 PM,0.090
S2461,5/4/2004,4:00:00 PM,0.082
S2461,5/4/2004,5:00:00 PM,0.070
S2461,5/4/2004,6:00:00 PM,0.058
S2461,5/4/2004,7:00:00 PM,0.056
S2461,5/4/2004,8:00:00 PM,0.057
S2461,5/4/2004,9:00:00 PM,0.058
S2461,5/4/2004,10:00:00 PM,0.057
S2461,5/4/2004,11:00:00 PM,0.054
S1031,4/28/2004,00:00:00 AM,0.035
S1031,4/28/2004,1:00:00 AM,0.030
S1031,4/28/2004,2:00:00 AM,0.028
S1031,4/28/2004,3:00:00 AM,0.026
S1031,4/28/2004,4:00:00 AM,0.027
S1031,4/28/2004,5:00:00 AM,0.029
S1031,4/28/2004,6:00:00 AM,0.038
S1031,4/28/2004,7:00:00 AM,0.053
S1031,4/28/2004,8:00:00 AM,0.049
S1031,4/28/2004,9:00:00 AM,0.045
S1031,4/28/2004,10:00:00 AM,0.046
S1031,4/28/2004,11:00:00 AM,0.045
S1031,4/28/2004,12:00:00 PM,0.043
S1031,4/28/2004,1:00:00 PM,0.042
S1031,4/28/2004,2:00:00 PM,0.041
S1031,4/28/2004,3:00:00 PM,0.041
S1031,4/28/2004,4:00:00 PM,0.041
S1031,4/28/2004,5:00:00 PM,0.043
S1031,4/28/2004,6:00:00 PM,0.045
S1031,4/28/2004,7:00:00 PM,0.046
S1031,4/28/2004,8:00:00 PM,0.047
S1031,4/28/2004,9:00:00 PM,0.048
S1031,4/28/2004,10:00:00 PM,0.046
S1031,4/28/2004,11:00:00 PM,0.041
S1031,4/29/2004,00:00:00 AM,0.035
S1031,4/29/2004,1:00:00 AM,0.030
S1031,4/29/2004,2:00:00 AM,0.028
S1031,4/29/2004,3:00:00 AM,0.026
S1031,4/29/2004,4:00:00 AM,0.027
S1031,4/29/2004,5:00:00 AM,0.029
S1031,4/29/2004,6:00:00 AM,0.038
S1031,4/29/2004,7:00:00 AM,0.053
S1031,4/29/2004,8:00:00 AM,0.049
S1031,4/29/2004,9:00:00 AM,0.045
S1031,4/29/2004,10:00:00 AM,0.046
S1031,4/29/2004,11:00:00 AM,0.045
S1031,4/29/2004,12:00:00 PM,0.043
S1031,4/29/2004,1:00:00 PM,0.042
S1031,4/29/2004,2:00:00 PM,0.041
S1031,4/29/2004,3:00:00 PM,0.041
S1031,4/29/2004,4:00:00 PM,0.041
S1031,4/29/2004,5:00:00 PM,0.043
S1031,4/29/2004,6:00:00 PM,0.045
S1031,4/29/2004,7:00:00 PM,0.046
S1031,4/29/2004,8:00:00 PM,0.047
S1031,4/29/2004,9:00:00 PM,0.048
S1031,4/29/2004,10:00:00 PM,0.046
S1031,4/29/2004,11:00:00 PM,0.041
S1031,4/30/2004,00:00:00 AM,0.035
S1031,4/30/2004,1:00:00 AM,0.030
S1031,4/30/2004,2:00:00 AM,0.028
S1031,4/30/2004,3:00:00 AM,0.026
S1031,4/30/2004,4:00:00 AM,0.027
S1031,4/30/2004,5:00:00 AM,0.029
S1031,4/30/2004,6:00:00 AM,0.038
S1031,4/30/2004,7:00:00 AM,0.053
S1031,4/30/2004,8:00:00 AM,0.049
S1031,4/30/2004,9:00:00 AM,0.045
S1031,4/30/2004,10:00:00 AM,0.046
S1031,4/30/2004,11:00:00 AM,0.045
S1031,4/30/2004,12:00:00 PM,0.043
S1031,4/30/2004,1:00:00 PM,0.042
S1031,4/30/2004,2:00:00 PM,0.041
S1031,4/30/2004,3:00:00 PM,0.041
S1031,4/30/2004,4:00:00 PM,0.041
S1031,4/30/2004,5:00:00 PM,0.043
S1031,4/30/2004,6:00:00 PM,0.045
S1031,4/30/2004,7:00:00 PM,0.046
S1031,4/30/2004,8:00:00 PM,0.047
S1031,4/30/2004,9:00:00 PM,0.048
S1031,4/30/2004,10:00:00 PM,0.046
S1031,4/30/2004,11:00:00 PM,0.041
S1031,5/1/2004,00:00:00 AM,0.035
S1031,5/1/2004,1:00:00 AM,0.030
S1031,5/1/2004,2:00:00 AM,0.028
S1031,5/1/2004,3:00:00 AM,0.026
S1031,5/1/2004,4:00:00 AM,0.026
S1031,5/1/2004,5:00:00 AM,0.027
S1031,5/1/2004,6:00:00 AM,0.029
S1031,5/1/2004,7:00:00 AM,0.033
S1031,5/1/2004,8:00:00 AM,0.043
S1031,5/1/2004,9:00:00 AM,0.049
S1031,5/1/2004,10:00:00 AM,0.052
S1031,5/1/2004,11:00:00 AM,0.051
S1031,5/1/2004,12:00:00 PM,0.049
S1031,5/1/2004,1:00:00 PM,0.047
S1031,5/1/2004,2:00:00 PM,0.045
S1031,5/1/2004,3:00:00 PM,0.045
S1031,5/1/2004,4:00:00 PM,0.044
S1031,5/1/2004,5:00:00 PM,0.044
S1031,5/1/2004,6:00:00 PM,0.045
S1031,5/1/2004,7:00:00 PM,0.047
S1031,5/1/2004,8:00:00 PM,0.046
S1031,5/1/2004,9:00:00 PM,0.046
S1031,5/1/2004,10:00:00 PM,0.043
S1031,5/1/2004,11:00:00 PM,0.041
S1031,5/2/2004,00:00:00 AM,0.035
S1031,5/2/2004,1:00:00 AM,0.030
S1031,5/2/2004,2:00:00 AM,0.028
S1031,5/2/2004,3:00:00 AM,0.026
S1031,5/2/2004,4:00:00 AM,0.026
S1031,5/2/2004,5:00:00 AM,0.027
S1031,5/2/2004,6:00:00 AM,0.029
S1031,5/2/2004,7:00:00 AM,0.033
S1031,5/2/2004,8:00:00 AM,0.043
S1031,5/2/2004,9:00:00 AM,0.049
S1031,5/2/2004,10:00:00 AM,0.052
S1031,5/2/2004,11:00:00 AM,0.051
S1031,5/2/2004,12:00:00 PM,0.049
S1031,5/2/2004,1:00:00 PM,0.047
S1031,5/2/2004,2:00:00 PM,0.045
S1031,5/2/2004,3:00:00 PM,0.045
S1031,5/2/2004,4:00:00 PM,0.044
S1031,5/2/2004,5:00:00 PM,0.044
S1031,5/2/2004,6:00:00 PM,0.045
S1031,5/2/2004,7:00:00 PM,0.047
S1031,5/2/2004,8:00:00 PM,0.046
S1031,5/2/2004,9:00:00 PM,0.046
S1031,5/2/2004,10:00:00 PM,0.043
S1031,5/2/2004,11:00:00 PM,0.041
S1031,5/3/2004,00:00:00 AM,0.035
S1031,5/3/2004,1:00:00 AM,0.030
S1031,5/3/2004,2:00:00 AM,0.028
S1031,5/3/2004,3:00:00 AM,0.026
S1031,5/3/2004,4:00:00 AM,0.027
S1031,5/3/2004,5:00:00 AM,0.029
S1031,5/3/2004,6:00:00 AM,0.038
S1031,5/3/2004,7:00:00 AM,0.053
S1031,5/3/2004,8:00:00 AM,0.049
S1031,5/3/2004,9:00:00 AM,0.045
S1031,5/3/2004,10:00:00 AM,0.046
S1031,5/3/2004,11:00:00 AM,0.045
S1031,5/3/2004,12:00:00 PM,0.043
S1031,5/3/2004,1:00:00 PM,0.042
S1031,5/3/2004,2:00:00 PM,0.041
S1031,5/3/2004,3:00:00 PM,0.041
S1031,5/3/2004,4:00:00 PM,0.041
S1031,5/3/2004,5:00:00 PM,0.043
S1031,5/3/2004,6:00:00 PM,0.045
S1031,5/3/2004,7:00:00 PM,0.046
S1031,5/3/2004,8:00:00 PM,0.047
S1031,5/3/2004,9:00:00 PM,0.048
S1031,5/3/2004,10:00:00 PM,0.046
S1031,5/3/2004,11:00:00 PM,0.041
S1031,5/4/2004,00:00:00 AM,0.035
S1031,5/4/2004,1:00:00 AM,0.030
S1031,5/4/2004,2:00:00 AM,0.028
S1031,5/4/2004,3:00:00 AM,0.026
S1031,5/4/2004,4:00:00 AM,0.027
S1031,5/4/2004,5:00:00 AM,0.029
S1031,5/4/2004,6:00:00 AM,0.038
S1031,5/4/2004,7:00:00 AM,0.053
S1031,5/4/2004,8:00:00 AM,0.049
S1031,5/4/2004,9:00:00 AM,0.045
S1031,5/4/2004,10:00:00 AM,0.046
S1031,5/4/2004,11:00:00 AM,0.045
S1031,5/4/2004,12:00:00 PM,0.043
S1031,5/4/2004,1:00:00 PM,0.042
S1031,5/4/2004,2:00:00 PM,0.041
S1031,5/4/2004,3:00:00 PM,0.041
S1031,5/4/2004,4:00:00 PM,0.041
S1031,5/4/2004,5:00:00 PM,0.043
S1031,5/4/2004,6:00:00 PM,0.045
S1031,5/4/2004,7:00:00 PM,0.046
S1031,5/4/2004,8:00:00 PM,0.047
S1031,5/4/2004,9:00:00 PM,0.048
S1031,5/4/2004,10:00:00 PM,0.046
S1031,5/4/2004,11:00:00 PM,0.041
S2542,4/28/2004,00:00:00 AM,0.024
S2542,4/28/2004,1:00:00 AM,0.019
S2542,4/28/2004,2:00:00 AM,0.016
S2542,4/28/2004,3:00:00 AM,0.015
S2542,4/28/2004,4:00:00 AM,0.015
S2542,4/28/2004,5:00:00 AM,0.015
S2542,4/28/2004,6:00:00 AM,0.021
S2542,4/28/2004,7:00:00 AM,0.041
S2542,4/28/2004,8:00:00 AM,0.051
S2542,4/28/2004,9:00:00 AM,0.052
S2542,4/28/2004,10:00:00 AM,0.052
S2542,4/28/2004,11:00:00 AM,0.052
S2542,4/28/2004,12:00:00 PM,0.052
S2542,4/28/2004,1:00:00 PM,0.050
S2542,4/28/2004,2:00:00 PM,0.048
S2542,4/28/2004,3:00:00 PM,0.046
S2542,4/28/2004,4:00:00 PM,0.042
S2542,4/28/2004,5:00:00 PM,0.036
S2542,4/28/2004,6:00:00 PM,0.030
S2542,4/28/2004,7:00:00 PM,0.029
S2542,4/28/2004,8:00:00 PM,0.029
S2542,4/28/2004,9:00:00 PM,0.030
S2542,4/28/2004,10:00:00 PM,0.029
S2542,4/28/2004,11:00:00 PM,0.027
S2542,4/29/2004,00:00:00 AM,0.024
S2542,4/29/2004,1:00:00 AM,0.019
S2542,4/29/2004,2:00:00 AM,0.016
S2542,4/29/2004,3:00:00 AM,0.015
S2542,4/29/2004,4:00:00 AM,0.015
S2542,4/29/2004,5:00:00 AM,0.015
S2542,4/29/2004,6:00:00 AM,0.021
S2542,4/29/2004,7:00:00 AM,0.041
S2542,4/29/2004,8:00:00 AM,0.051
S2542,4/29/2004,9:00:00 AM,0.052
S2542,4/29/2004,10:00:00 AM,0.052
S2542,4/29/2004,11:00:00 AM,0.052
S2542,4/29/2004,12:00:00 PM,0.052
S2542,4/29/2004,1:00:00 PM,0.050
S2542,4/29/2004,2:00:00 PM,0.048
S2542,4/29/2004,3:00:00 PM,0.046
S2542,4/29/2004,4:00:00 PM,0.042
S2542,4/29/2004,5:00:00 PM,0.036
S2542,4/29/2004,6:00:00 PM,0.030
S2542,4/29/2004,7:00:00 PM,0.029
S2542,4/29/2004,8:00:00 PM,0.029
S2542,4/29/2004,9:00:00 PM,0.030
S2542,4/29/2004,10:00:00 PM,0.029
S2542,4/29/2004,11:00:00 PM,0.027
S2542,4/30/2004,00:00:00 AM,0.024
S2542,4/30/2004,1:00:00 AM,0.019
S2542,4/30/2004,2:00:00 AM,0.016
S2542,4/30/2004,3:00:00 AM,0.015
S2542,4/30/2004,4:00:00 AM,0.015
S2542,4/30/2004,5:00:00 AM,0.015
S2542,4/30/2004,6:00:00 AM,0.021
S2542,4/30/2004,7:00:00 AM,0.041
S2542,4/30/2004,8:00:00 AM,0.051
S2542,4/30/2004,9:00:00 AM,0.052
S2542,4/30/2004,10:00:00 AM,0.052
S2542,4/30/2004,11:00:00 AM,0.052
S2542,4/30/2004,12:00:00 PM,0.052
S2542,4/30/2004,1:00:00 PM,0.050
S2542,4/30/2004,2:00:00 PM,0.048
S2542,4/30/2004,3:00:00 PM,0.046
S2542,4/30/2004,4:00:00 PM,0.042
S2542,4/30/2004,5:00:00 PM,0.036
S2542,4/30/2004,6:00:00 PM,0.030
S2542,4/30/2004,7:00:00 PM,0.029
S2542,4/30/2004,8:00:00 PM,0.029
S2542,4/30/2004,9:00:00 PM,0.030
S2542,4/30/2004,10:00:00 PM,0.029
S2542,4/30/2004,11:00:00 PM,0.027
S2542,5/1/2004,00:00:00 AM,0.024
S2542,5/1/2004,1:00:00 AM,0.023
S2542,5/1/2004,2:00:00 AM,0.022
S2542,5/1/2004,3:00:00 AM,0.020
S2542,5/1/2004,4:00:00 AM,0.017
S2542,5/1/2004,5:00:00 AM,0.015
S2542,5/1/2004,6:00:00 AM,0.016
S2542,5/1/2004,7:00:00 AM,0.019
S2542,5/1/2004,8:00:00 AM,0.033
S2542,5/1/2004,9:00:00 AM,0.050
S2542,5/1/2004,10:00:00 AM,0.057
S2542,5/1/2004,11:00:00 AM,0.056
S2542,5/1/2004,12:00:00 PM,0.056
S2542,5/1/2004,1:00:00 PM,0.051
S2542,5/1/2004,2:00:00 PM,0.047
S2542,5/1/2004,3:00:00 PM,0.046
S2542,5/1/2004,4:00:00 PM,0.038
S2542,5/1/2004,5:00:00 PM,0.034
S2542,5/1/2004,6:00:00 PM,0.033
S2542,5/1/2004,7:00:00 PM,0.035
S2542,5/1/2004,8:00:00 PM,0.037
S2542,5/1/2004,9:00:00 PM,0.037
S2542,5/1/2004,10:00:00 PM,0.034
S2542,5/1/2004,11:00:00 PM,0.027
S2542,5/2/2004,00:00:00 AM,0.024
S2542,5/2/2004,1:00:00 AM,0.023
S2542,5/2/2004,2:00:00 AM,0.022
S2542,5/2/2004,3:00:00 AM,0.020
S2542,5/2/2004,4:00:00 AM,0.017
S2542,5/2/2004,5:00:00 AM,0.015
S2542,5/2/2004,6:00:00 AM,0.016
S2542,5/2/2004,7:00:00 AM,0.019
S2542,5/2/2004,8:00:00 AM,0.033
S2542,5/2/2004,9:00:00 AM,0.050
S2542,5/2/2004,10:00:00 AM,0.057
S2542,5/2/2004,11:00:00 AM,0.056
S2542,5/2/2004,12:00:00 PM,0.056
S2542,5/2/2004,1:00:00 PM,0.051
S2542,5/2/2004,2:00:00 PM,0.047
S2542,5/2/2004,3:00:00 PM,0.046
S2542,5/2/2004,4:00:00 PM,0.038
S2542,5/2/2004,5:00:00 PM,0.034
S2542,5/2/2004,6:00:00 PM,0.033
S2542,5/2/2004,7:00:00 PM,0.035
S2542,5/2/2004,8:00:00 PM,0.037
S2542,5/2/2004,9:00:00 PM,0.037
S2542,5/2/2004,10:00:00 PM,0.034
S2542,5/2/2004,11:00:00 PM,0.027
S2542,5/3/2004,00:00:00 AM,0.024
S2542,5/3/2004,1:00:00 AM,0.019
S2542,5/3/2004,2:00:00 AM,0.016
S2542,5/3/2004,3:00:00 AM,0.015
S2542,5/3/2004,4:00:00 AM,0.015
S2542,5/3/2004,5:00:00 AM,0.015
S2542,5/3/2004,6:00:00 AM,0.021
S2542,5/3/2004,7:00:00 AM,0.041
S2542,5/3/2004,8:00:00 AM,0.051
S2542,5/3/2004,9:00:00 AM,0.052
S2542,5/3/2004,10:00:00 AM,0.052
S2542,5/3/2004,11:00:00 AM,0.052
S2542,5/3/2004,12:00:00 PM,0.052
S2542,5/3/2004,1:00:00 PM,0.050
S2542,5/3/2004,2:00:00 PM,0.048
S2542,5/3/2004,3:00:00 PM,0.046
S2542,5/3/2004,4:00:00 PM,0.042
S2542,5/3/2004,5:00:00 PM,0.036
S2542,5/3/2004,6:00:00 PM,0.030
S2542,5/3/2004,7:00:00 PM,0.029
S2542,5/3/2004,8:00:00 PM,0.029
S2542,5/3/2004,9:00:00 PM,0.030
S2542,5/3/2004,10:00:00 PM,0.029
S2542,5/3/2004,11:00:00 PM,0.027
S2542,5/4/2004,00:00:00 AM,0.024
S2542,5/4/2004,1:00:00 AM,0.019
S2542,5/4/2004,2:00:00 AM,0.016
S2542,5/4/2004,3:00:00 AM,0.015
S2542,5/4/2004,4:00:00 AM,0.015
S2542,5/4/2004,5:00:00 AM,0.015
S2542,5/4/2004,6:00:00 AM,0.021
S2542,5/4/2004,7:00:00 AM,0.041
S2542,5/4/2004,8:00:00 AM,0.051
S2542,5/4/2004,9:00:00 AM,0.052
S2542,5/4/2004,10:00:00 AM,0.052
S2542,5/4/2004,11:00:00 AM,0.052
S2542,5/4/2004,12:00:00 PM,0.052
S2542,5/4/2004,1:00:00 PM,0.050
S2542,5/4/2004,2:00:00 PM,0.048
S2542,5/4/2004,3:00:00 PM,0.046
S2542,5/4/2004,4:00:00 PM,0.042
S2542,5/4/2004,5:00:00 PM,0.036
S2542,5/4/2004,6:00:00 PM,0.030
S2542,5/4/2004,7:00:00 PM,0.029
S2542,5/4/2004,8:00:00 PM,0.029
S2542,5/4/2004,9:00:00 PM,0.030
S2542,5/4/2004,10:00:00 PM,0.029
S2542,5/4/2004,11:00:00 PM,0.027
S1084,4/28/2004,00:00:00 AM,0.036
S1084,4/28/2004,1:00:00 AM,0.031
S1084,4/28/2004,2:00:00 AM,0.029
S1084,4/28/2004,3:00:00 AM,0.027
S1084,4/28/2004,4:00:00 AM,0.028
S1084,4/28/2004,5:00:00 AM,0.030
S1084,4/28/2004,6:00:00 AM,0.040
S1084,4/28/2004,7:00:00 AM,0.055
S1084,4/28/2004,8:00:00 AM,0.051
S1084,4/28/2004,9:00:00 AM,0.047
S1084,4/28/2004,10:00:00 AM,0.048
S1084,4/28/2004,11:00:00 AM,0.046
S1084,4/28/2004,12:00:00 PM,0.044
S1084,4/28/2004,1:00:00 PM,0.044
S1084,4/28/2004,2:00:00 PM,0.043
S1084,4/28/2004,3:00:00 PM,0.042
S1084,4/28/2004,4:00:00 PM,0.043
S1084,4/28/2004,5:00:00 PM,0.045
S1084,4/28/2004,6:00:00 PM,0.046
S1084,4/28/2004,7:00:00 PM,0.048
S1084,4/28/2004,8:00:00 PM,0.049
S1084,4/28/2004,9:00:00 PM,0.050
S1084,4/28/2004,10:00:00 PM,0.048
S1084,4/28/2004,11:00:00 PM,0.042
S1084,4/29/2004,00:00:00 AM,0.036
S1084,4/29/2004,1:00:00 AM,0.031
S1084,4/29/2004,2:00:00 AM,0.029
S1084,4/29/2004,3:00:00 AM,0.027
S1084,4/29/2004,4:00:00 AM,0.028
S1084,4/29/2004,5:00:00 AM,0.030
S1084,4/29/2004,6:00:00 AM,0.040
S1084,4/29/2004,7:00:00 AM,0.055
S1084,4/29/2004,8:00:00 AM,0.051
S1084,4/29/2004,9:00:00 AM,0.047
S1084,4/29/2004,10:00:00 AM,0.048
S1084,4/29/2004,11:00:00 AM,0.046
S1084,4/29/2004,12:00:00 PM,0.044
S1084,4/29/2004,1:00:00 PM,0.044
S1084,4/29/2004,2:00:00 PM,0.043
S1084,4/29/2004,3:00:00 PM,0.042
S1084,4/29/2004,4:00:00 PM,0.043
S1084,4/29/2004,5:00:00 PM,0.045
S1084,4/29/2004,6:00:00 PM,0.046
S1084,4/29/2004,7:00:00 PM,0.048
S1084,4/29/2004,8:00:00 PM,0.049
S1084,4/29/2004,9:00:00 PM,0.050
S1084,4/29/2004,10:00:00 PM,0.048
S1084,4/29/2004,11:00:00 PM,0.042
S1084,4/30/2004,00:00:00 AM,0.036
S1084,4/30/2004,1:00:00 AM,0.031
S1084,4/30/2004,2:00:00 AM,0.029
S1084,4/30/2004,3:00:00 AM,0.027
S1084,4/30/2004,4:00:00 AM,0.028
S1084,4/30/2004,5:00:00 AM,0.030
S1084,4/30/2004,6:00:00 AM,0.040
S1084,4/30/2004,7:00:00 AM,0.055
S1084,4/30/2004,8:00:00 AM,0.051
S1084,4/30/2004,9:00:00 AM,0.047
S1084,4/30/2004,10:00:00 AM,0.048
S1084,4/30/2004,11:00:00 AM,0.046
S1084,4/30/2004,12:00:00 PM,0.044
S1084,4/30/2004,1:00:00 PM,0.044
S1084,4/30/2004,2:00:00 PM,0.043
S1084,4/30/2004,3:00:00 PM,0.042
S1084,4/30/2004,4:00:00 PM,0.043
S1084,4/30/2004,5:00:00 PM,0.045
S1084,4/30/2004,6:00:00 PM,0.046
S1084,4/30/2004,7:00:00 PM,0.048
S1084,4/30/2004,8:00:00 PM,0.049
S1084,4/30/2004,9:00:00 PM,0.050
S1084,4/30/2004,10:00:00 PM,0.048
S1084,4/30/2004,11:00:00 PM,0.042
S1084,5/1/2004,00:00:00 AM,0.036
S1084,5/1/2004,1:00:00 AM,0.032
S1084,5/1/2004,2:00:00 AM,0.029
S1084,5/1/2004,3:00:00 AM,0.027
S1084,5/1/2004,4:00:00 AM,0.027
S1084,5/1/2004,5:00:00 AM,0.028
S1084,5/1/2004,6:00:00 AM,0.030
S1084,5/1/2004,7:00:00 AM,0.034
S1084,5/1/2004,8:00:00 AM,0.045
S1084,5/1/2004,9:00:00 AM,0.051
S1084,5/1/2004,10:00:00 AM,0.054
S1084,5/1/2004,11:00:00 AM,0.054
S1084,5/1/2004,12:00:00 PM,0.051
S1084,5/1/2004,1:00:00 PM,0.049
S1084,5/1/2004,2:00:00 PM,0.047
S1084,5/1/2004,3:00:00 PM,0.047
S1084,5/1/2004,4:00:00 PM,0.046
S1084,5/1/2004,5:00:00 PM,0.046
S1084,5/1/2004,6:00:00 PM,0.047
S1084,5/1/2004,7:00:00 PM,0.049
S1084,5/1/2004,8:00:00 PM,0.048
S1084,5/1/2004,9:00:00 PM,0.048
S1084,5/1/2004,10:00:00 PM,0.045
S1084,5/1/2004,11:00:00 PM,0.042
S1084,5/2/2004,00:00:00 AM,0.036
S1084,5/2/2004,1:00:00 AM,0.032
S1084,5/2/2004,2:00:00 AM,0.029
S1084,5/2/2004,3:00:00 AM,0.027
S1084,5/2/2004,4:00:00 AM,0.027
S1084,5/2/2004,5:00:00 AM,0.028
S1084,5/2/2004,6:00:00 AM,0.030
S1084,5/2/2004,7:00:00 AM,0.034
S1084,5/2/2004,8:00:00 AM,0.045
S1084,5/2/2004,9:00:00 AM,0.051
S1084,5/2/2004,10:00:00 AM,0.054
S1084,5/2/2004,11:00:00 AM,0.054
S1084,5/2/2004,12:00:00 PM,0.051
S1084,5/2/2004,1:00:00 PM,0.049
S1084,5/2/2004,2:00:00 PM,0.047
S1084,5/2/2004,3:00:00 PM,0.047
S1084,5/2/2004,4:00:00 PM,0.046
S1084,5/2/2004,5:00:00 PM,0.046
S1084,5/2/2004,6:00:00 PM,0.047
S1084,5/2/2004,7:00:00 PM,0.049
S1084,5/2/2004,8:00:00 PM,0.048
S1084,5/2/2004,9:00:00 PM,0.048
S1084,5/2/2004,10:00:00 PM,0.045
S1084,5/2/2004,11:00:00 PM,0.042
S1084,5/3/2004,00:00:00 AM,0.036
S1084,5/3/2004,1:00:00 AM,0.031
S1084,5/3/2004,2:00:00 AM,0.029
S1084,5/3/2004,3:00:00 AM,0.027
S1084,5/3/2004,4:00:00 AM,0.028
S1084,5/3/2004,5:00:00 AM,0.030
S1084,5/3/2004,6:00:00 AM,0.040
S1084,5/3/2004,7:00:00 AM,0.055
S1084,5/3/2004,8:00:00 AM,0.051
S1084,5/3/2004,9:00:00 AM,0.047
S1084,5/3/2004,10:00:00 AM,0.048
S1084,5/3/2004,11:00:00 AM,0.046
S1084,5/3/2004,12:00:00 PM,0.044
S1084,5/3/2004,1:00:00 PM,0.044
S1084,5/3/2004,2:00:00 PM,0.043
S1084,5/3/2004,3:00:00 PM,0.042
S1084,5/3/2004,4:00:00 PM,0.043
S1084,5/3/2004,5:00:00 PM,0.045
S1084,5/3/2004,6:00:00 PM,0.046
S1084,5/3/2004,7:00:00 PM,0.048
S1084,5/3/2004,8:00:00 PM,0.049
S1084,5/3/2004,9:00:00 PM,0.050
S1084,5/3/2004,10:00:00 PM,0.048
S1084,5/3/2004,11:00:00 PM,0.042
S1084,5/4/2004,00:00:00 AM,0.036
S1084,5/4/2004,1:00:00 AM,0.031
S1084,5/4/2004,2:00:00 AM,0.029
S1084,5/4/2004,3:00:00 AM,0.027
S1084,5/4/2004,4:00:00 AM,0.028
S1084,5/4/2004,5:00:00 AM,0.030
S1084,5/4/2004,6:00:00 AM,0.040
S1084,5/4/2004,7:00:00 AM,0.055
S1084,5/4/2004,8:00:00 AM,0.051
S1084,5/4/2004,9:00:00 AM,0.047
S1084,5/4/2004,10:00:00 AM,0.048
S1084,5/4/2004,11:00:00 AM,0.046
S1084,5/4/2004,12:00:00 PM,0.044
S1084,5/4/2004,1:00:00 PM,0.044
S1084,5/4/2004,2:00:00 PM,0.043
S1084,5/4/2004,3:00:00 PM,0.042
S1084,5/4/2004,4:00:00 PM,0.043
S1084,5/4/2004,5:00:00 PM,0.045
S1084,5/4/2004,6:00:00 PM,0.046
S1084,5/4/2004,7:00:00 PM,0.048
S1084,5/4/2004,8:00:00 PM,0.049
S1084,5/4/2004,9:00:00 PM,0.050
S1084,5/4/2004,10:00:00 PM,0.048
S1084,5/4/2004,11:00:00 PM,0.042
S1913,4/28/2004,00:00:00 AM,0.015
S1913,4/28/2004,1:00:00 AM,0.012
S1913,4/28/2004,2:00:00 AM,0.012
S1913,4/28/2004,3:00:00 AM,0.011
S1913,4/28/2004,4:00:00 AM,0.011
S1913,4/28/2004,5:00:00 AM,0.012
S1913,4/28/2004,6:00:00 AM,0.016
S1913,4/28/2004,7:00:00 AM,0.022
S1913,4/28/2004,8:00:00 AM,0.020
S1913,4/28/2004,9:00:00 AM,0.019
S1913,4/28/2004,10:00:00 AM,0.019
S1913,4/28/2004,11:00:00 AM,0.019
S1913,4/28/2004,12:00:00 PM,0.018
S1913,4/28/2004,1:00:00 PM,0.018
S1913,4/28/2004,2:00:00 PM,0.017
S1913,4/28/2004,3:00:00 PM,0.017
S1913,4/28/2004,4:00:00 PM,0.017
S1913,4/28/2004,5:00:00 PM,0.018
S1913,4/28/2004,6:00:00 PM,0.019
S1913,4/28/2004,7:00:00 PM,0.019
S1913,4/28/2004,8:00:00 PM,0.020
S1913,4/28/2004,9:00:00 PM,0.020
S1913,4/28/2004,10:00:00 PM,0.019
S1913,4/28/2004,11:00:00 PM,0.017
S1913,4/29/2004,00:00:00 AM,0.015
S1913,4/29/2004,1:00:00 AM,0.012
S1913,4/29/2004,2:00:00 AM,0.012
S1913,4/29/2004,3:00:00 AM,0.011
S1913,4/29/2004,4:00:00 AM,0.011
S1913,4/29/2004,5:00:00 AM,0.012
S1913,4/29/2004,6:00:00 AM,0.016
S1913,4/29/2004,7:00:00 AM,0.022
S1913,4/29/2004,8:00:00 AM,0.020
S1913,4/29/2004,9:00:00 AM,0.019
S1913,4/29/2004,10:00:00 AM,0.019
S1913,4/29/2004,11:00:00 AM,0.019
S1913,4/29/2004,12:00:00 PM,0.018
S1913,4/29/2004,1:00:00 PM,0.018
S1913,4/29/2004,2:00:00 PM,0.017
S1913,4/29/2004,3:00:00 PM,0.017
S1913,4/29/2004,4:00:00 PM,0.017
S1913,4/29/2004,5:00:00 PM,0.018
S1913,4/29/2004,6:00:00 PM,0.019
S1913,4/29/2004,7:00:00 PM,0.019
S1913,4/29/2004,8:00:00 PM,0.020
S1913,4/29/2004,9:00:00 PM,0.020
S1913,4/29/2004,10:00:00 PM,0.019
S1913,4/29/2004,11:00:00 PM,0.017
S1913,4/30/2004,00:00:00 AM,0.015
S1913,4/30/2004,1:00:00 AM,0.012
S1913,4/30/2004,2:00:00 AM,0.012
S1913,4/30/2004,3:00:00 AM,0.011
S1913,4/30/2004,4:00:00 AM,0.011
S1913,4/30/2004,5:00:00 AM,0.012
S1913,4/30/2004,6:00:00 AM,0.016
S1913,4/30/2004,7:00:00 AM,0.022
S1913,4/30/2004,8:00:00 AM,0.020
S1913,4/30/2004,9:00:00 AM,0.019
S1913,4/30/2004,10:00:00 AM,0.019
S1913,4/30/2004,11:00:00 AM,0.019
S1913,4/30/2004,12:00:00 PM,0.018
S1913,4/30/2004,1:00:00 PM,0.018
S1913,4/30/2004,2:00:00 PM,0.017
S1913,4/30/2004,3:00:00 PM,0.017
S1913,4/30/2004,4:00:00 PM,0.017
S1913,4/30/2004,5:00:00 PM,0.018
S1913,4/30/2004,6:00:00 PM,0.019
S1913,4/30/2004,7:00:00 PM,0.019
S1913,4/30/2004,8:00:00 PM,0.020
S1913,4/30/2004,9:00:00 PM,0.020
S1913,4/30/2004,10:00:00 PM,0.019
S1913,4/30/2004,11:00:00 PM,0.017
S1913,5/1/2004,00:00:00 AM,0.015
S1913,5/1/2004,1:00:00 AM,0.013
S1913,5/1/2004,2:00:00 AM,0.012
S1913,5/1/2004,3:00:00 AM,0.011
S1913,5/1/2004,4:00:00 AM,0.011
S1913,5/1/2004,5:00:00 AM,0.011
S1913,5/1/2004,6:00:00 AM,0.012
S1913,5/1/2004,7:00:00 AM,0.014
S1913,5/1/2004,8:00:00 AM,0.018
S1913,5/1/2004,9:00:00 AM,0.021
S1913,5/1/2004,10:00:00 AM,0.022
S1913,5/1/2004,11:00:00 AM,0.021
S1913,5/1/2004,12:00:00 PM,0.020
S1913,5/1/2004,1:00:00 PM,0.020
S1913,5/1/2004,2:00:00 PM,0.019
S1913,5/1/2004,3:00:00 PM,0.019
S1913,5/1/2004,4:00:00 PM,0.018
S1913,5/1/2004,5:00:00 PM,0.018
S1913,5/1/2004,6:00:00 PM,0.019
S1913,5/1/2004,7:00:00 PM,0.020
S1913,5/1/2004,8:00:00 PM,0.019
S1913,5/1/2004,9:00:00 PM,0.019
S1913,5/1/2004,10:00:00 PM,0.018
S1913,5/1/2004,11:00:00 PM,0.017
S1913,5/2/2004,00:00:00 AM,0.015
S1913,5/2/2004,1:00:00 AM,0.013
S1913,5/2/2004,2:00:00 AM,0.012
S1913,5/2/2004,3:00:00 AM,0.011
S1913,5/2/2004,4:00:00 AM,0.011
S1913,5/2/2004,5:00:00 AM,0.011
S1913,5/2/2004,6:00:00 AM,0.012
S1913,5/2/2004,7:00:00 AM,0.014
S1913,5/2/2004,8:00:00 AM,0.018
S1913,5/2/2004,9:00:00 AM,0.021
S1913,5/2/2004,10:00:00 AM,0.022
S1913,5/2/2004,11:00:00 AM,0.021
S1913,5/2/2004,12:00:00 PM,0.020
S1913,5/2/2004,1:00:00 PM,0.020
S1913,5/2/2004,2:00:00 PM,0.019
S1913,5/2/2004,3:00:00 PM,0.019
S1913,5/2/2004,4:00:00 PM,0.018
S1913,5/2/2004,5:00:00 PM,0.018
S1913,5/2/2004,6:00:00 PM,0.019
S1913,5/2/2004,7:00:00 PM,0.020
S1913,5/2/2004,8:00:00 PM,0.019
S1913,5/2/2004,9:00:00 PM,0.019
S1913,5/2/2004,10:00:00 PM,0.018
S1913,5/2/2004,11:00:00 PM,0.017
S1913,5/3/2004,00:00:00 AM,0.015
S1913,5/3/2004,1:00:00 AM,0.012
S1913,5/3/2004,2:00:00 AM,0.012
S1913,5/3/2004,3:00:00 AM,0.011
S1913,5/3/2004,4:00:00 AM,0.011
S1913,5/3/2004,5:00:00 AM,0.012
S1913,5/3/2004,6:00:00 AM,0.016
S1913,5/3/2004,7:00:00 AM,0.022
S1913,5/3/2004,8:00:00 AM,0.020
S1913,5/3/2004,9:00:00 AM,0.019
S1913,5/3/2004,10:00:00 AM,0.019
S1913,5/3/2004,11:00:00 AM,0.019
S1913,5/3/2004,12:00:00 PM,0.018
S1913,5/3/2004,1:00:00 PM,0.018
S1913,5/3/2004,2:00:00 PM,0.017
S1913,5/3/2004,3:00:00 PM,0.017
S1913,5/3/2004,4:00:00 PM,0.017
S1913,5/3/2004,5:00:00 PM,0.018
S1913,5/3/2004,6:00:00 PM,0.019
S1913,5/3/2004,7:00:00 PM,0.019
S1913,5/3/2004,8:00:00 PM,0.020
S1913,5/3/2004,9:00:00 PM,0.020
S1913,5/3/2004,10:00:00 PM,0.019
S1913,5/3/2004,11:00:00 PM,0.017
S1913,5/4/2004,00:00:00 AM,0.015
S1913,5/4/2004,1:00:00 AM,0.012
S1913,5/4/2004,2:00:00 AM,0.012
S1913,5/4/2004,3:00:00 AM,0.011
S1913,5/4/2004,4:00:00 AM,0.011
S1913,5/4/2004,5:00:00 AM,0.012
S1913,5/4/2004,6:00:00 AM,0.016
S1913,5/4/2004,7:00:00 AM,0.022
S1913,5/4/2004,8:00:00 AM,0.020
S1913,5/4/2004,9:00:00 AM,0.019
S1913,5/4/2004,10:00:00 AM,0.019
S1913,5/4/2004,11:00:00 AM,0.019
S1913,5/4/2004,12:00:00 PM,0.018
S1913,5/4/2004,1:00:00 PM,0.018
S1913,5/4/2004,2:00:00 PM,0.017
S1913,5/4/2004,3:00:00 PM,0.017
S1913,5/4/2004,4:00:00 PM,0.017
S1913,5/4/2004,5:00:00 PM,0.018
S1913,5/4/2004,6:00:00 PM,0.019
S1913,5/4/2004,7:00:00 PM,0.019
S1913,5/4/2004,8:00:00 PM,0.020
S1913,5/4/2004,9:00:00 PM,0.020
S1913,5/4/2004,10:00:00 PM,0.019
S1913,5/4/2004,11:00:00 PM,0.017
S1075,4/28/2004,00:00:00 AM,0.094
S1075,4/28/2004,1:00:00 AM,0.080
S1075,4/28/2004,2:00:00 AM,0.074
S1075,4/28/2004,3:00:00 AM,0.069
S1075,4/28/2004,4:00:00 AM,0.072
S1075,4/28/2004,5:00:00 AM,0.078
S1075,4/28/2004,6:00:00 AM,0.104
S1075,4/28/2004,7:00:00 AM,0.143
S1075,4/28/2004,8:00:00 AM,0.132
S1075,4/28/2004,9:00:00 AM,0.122
S1075,4/28/2004,10:00:00 AM,0.124
S1075,4/28/2004,11:00:00 AM,0.120
S1075,4/28/2004,12:00:00 PM,0.115
S1075,4/28/2004,1:00:00 PM,0.114
S1075,4/28/2004,2:00:00 PM,0.110
S1075,4/28/2004,3:00:00 PM,0.109
S1075,4/28/2004,4:00:00 PM,0.112
S1075,4/28/2004,5:00:00 PM,0.117
S1075,4/28/2004,6:00:00 PM,0.120
S1075,4/28/2004,7:00:00 PM,0.125
S1075,4/28/2004,8:00:00 PM,0.128
S1075,4/28/2004,9:00:00 PM,0.130
S1075,4/28/2004,10:00:00 PM,0.124
S1075,4/28/2004,11:00:00 PM,0.109
S1075,4/29/2004,00:00:00 AM,0.094
S1075,4/29/2004,1:00:00 AM,0.080
S1075,4/29/2004,2:00:00 AM,0.074
S1075,4/29/2004,3:00:00 AM,0.069
S1075,4/29/2004,4:00:00 AM,0.072
S1075,4/29/2004,5:00:00 AM,0.078
S1075,4/29/2004,6:00:00 AM,0.104
S1075,4/29/2004,7:00:00 AM,0.143
S1075,4/29/2004,8:00:00 AM,0.132
S1075,4/29/2004,9:00:00 AM,0.122
S1075,4/29/2004,10:00:00 AM,0.124
S1075,4/29/2004,11:00:00 AM,0.120
S1075,4/29/2004,12:00:00 PM,0.115
S1075,4/29/2004,1:00:00 PM,0.114
S1075,4/29/2004,2:00:00 PM,0.110
S1075,4/29/2004,3:00:00 PM,0.109
S1075,4/29/2004,4:00:00 PM,0.112
S1075,4/29/2004,5:00:00 PM,0.117
S1075,4/29/2004,6:00:00 PM,0.120
S1075,4/29/2004,7:00:00 PM,0.125
S1075,4/29/2004,8:00:00 PM,0.128
S1075,4/29/2004,9:00:00 PM,0.130
S1075,4/29/2004,10:00:00 PM,0.124
S1075,4/29/2004,11:00:00 PM,0.109
S1075,4/30/2004,00:00:00 AM,0.094
S1075,4/30/2004,1:00:00 AM,0.080
S1075,4/30/2004,2:00:00 AM,0.074
S1075,4/30/2004,3:00:00 AM,0.069
S1075,4/30/2004,4:00:00 AM,0.072
S1075,4/30/2004,5:00:00 AM,0.078
S1075,4/30/2004,6:00:00 AM,0.104
S1075,4/30/2004,7:00:00 AM,0.143
S1075,4/30/2004,8:00:00 AM,0.132
S1075,4/30/2004,9:00:00 AM,0.122
S1075,4/30/2004,10:00:00 AM,0.124
S1075,4/30/2004,11:00:00 AM,0.120
S1075,4/30/2004,12:00:00 PM,0.115
S1075,4/30/2004,1:00:00 PM,0.114
S1075,4/30/2004,2:00:00 PM,0.110
S1075,4/30/2004,3:00:00 PM,0.109
S1075,4/30/2004,4:00:00 PM,0.112
S1075,4/30/2004,5:00:00 PM,0.117
S1075,4/30/2004,6:00:00 PM,0.120
S1075,4/30/2004,7:00:00 PM,0.125
S1075,4/30/2004,8:00:00 PM,0.128
S1075,4/30/2004,9:00:00 PM,0.130
S1075,4/30/2004,10:00:00 PM,0.124
S1075,4/30/2004,11:00:00 PM,0.109
S1075,5/1/2004,00:00:00 AM,0.094
S1075,5/1/2004,1:00:00 AM,0.082
S1075,5/1/2004,2:00:00 AM,0.075
S1075,5/1/2004,3:00:00 AM,0.071
S1075,5/1/2004,4:00:00 AM,0.071
S1075,5/1/2004,5:00:00 AM,0.073
S1075,5/1/2004,6:00:00 AM,0.079
S1075,5/1/2004,7:00:00 AM,0.089
S1075,5/1/2004,8:00:00 AM,0.116
S1075,5/1/2004,9:00:00 AM,0.133
S1075,5/1/2004,10:00:00 AM,0.140
S1075,5/1/2004,11:00:00 AM,0.139
S1075,5/1/2004,12:00:00 PM,0.131
S1075,5/1/2004,1:00:00 PM,0.128
S1075,5/1/2004,2:00:00 PM,0.122
S1075,5/1/2004,3:00:00 PM,0.121
S1075,5/1/2004,4:00:00 PM,0.118
S1075,5/1/2004,5:00:00 PM,0.119
S1075,5/1/2004,6:00:00 PM,0.122
S1075,5/1/2004,7:00:00 PM,0.127
S1075,5/1/2004,8:00:00 PM,0.125
S1075,5/1/2004,9:00:00 PM,0.124
S1075,5/1/2004,10:00:00 PM,0.116
S1075,5/1/2004,11:00:00 PM,0.109
S1075,5/2/2004,00:00:00 AM,0.094
S1075,5/2/2004,1:00:00 AM,0.082
S1075,5/2/2004,2:00:00 AM,0.075
S1075,5/2/2004,3:00:00 AM,0.071
S1075,5/2/2004,4:00:00 AM,0.071
S1075,5/2/2004,5:00:00 AM,0.073
S1075,5/2/2004,6:00:00 AM,0.079
S1075,5/2/2004,7:00:00 AM,0.089
S1075,5/2/2004,8:00:00 AM,0.116
S1075,5/2/2004,9:00:00 AM,0.133
S1075,5/2/2004,10:00:00 AM,0.140
S1075,5/2/2004,11:00:00 AM,0.139
S1075,5/2/2004,12:00:00 PM,0.131
S1075,5/2/2004,1:00:00 PM,0.128
S1075,5/2/2004,2:00:00 PM,0.122
S1075,5/2/2004,3:00:00 PM,0.121
S1075,5/2/2004,4:00:00 PM,0.118
S1075,5/2/2004,5:00:00 PM,0.119
S1075,5/2/2004,6:00:00 PM,0.122
S1075,5/2/2004,7:00:00 PM,0.127
S1075,5/2/2004,8:00:00 PM,0.125
S1075,5/2/2004,9:00:00 PM,0.124
S1075,5/2/2004,10:00:00 PM,0.116
S1075,5/2/2004,11:00:00 PM,0.109
S1075,5/3/2004,00:00:00 AM,0.094
S1075,5/3/2004,1:00:00 AM,0.080
S1075,5/3/2004,2:00:00 AM,0.074
S1075,5/3/2004,3:00:00 AM,0.069
S1075,5/3/2004,4:00:00 AM,0.072
S1075,5/3/2004,5:00:00 AM,0.078
S1075,5/3/2004,6:00:00 AM,0.104
S1075,5/3/2004,7:00:00 AM,0.143
S1075,5/3/2004,8:00:00 AM,0.132
S1075,5/3/2004,9:00:00 AM,0.122
S1075,5/3/2004,10:00:00 AM,0.124
S1075,5/3/2004,11:00:00 AM,0.120
S1075,5/3/2004,12:00:00 PM,0.115
S1075,5/3/2004,1:00:00 PM,0.114
S1075,5/3/2004,2:00:00 PM,0.110
S1075,5/3/2004,3:00:00 PM,0.109
S1075,5/3/2004,4:00:00 PM,0.112
S1075,5/3/2004,5:00:00 PM,0.117
S1075,5/3/2004,6:00:00 PM,0.120
S1075,5/3/2004,7:00:00 PM,0.125
S1075,5/3/2004,8:00:00 PM,0.128
S1075,5/3/2004,9:00:00 PM,0.130
S1075,5/3/2004,10:00:00 PM,0.124
S1075,5/3/2004,11:00:00 PM,0.109
S1075,5/4/2004,00:00:00 AM,0.094
S1075,5/4/2004,1:00:00 AM,0.080
S1075,5/4/2004,2:00:00 AM,0.074
S1075,5/4/2004,3:00:00 AM,0.069
S1075,5/4/2004,4:00:00 AM,0.072
S1075,5/4/2004,5:00:00 AM,0.078
S1075,5/4/2004,6:00:00 AM,0.104
S1075,5/4/2004,7:00:00 AM,0.143
S1075,5/4/2004,8:00:00 AM,0.132
S1075,5/4/2004,9:00:00 AM,0.122
S1075,5/4/2004,10:00:00 AM,0.124
S1075,5/4/2004,11:00:00 AM,0.120
S1075,5/4/2004,12:00:00 PM,0.115
S1075,5/4/2004,1:00:00 PM,0.114
S1075,5/4/2004,2:00:00 PM,0.110
S1075,5/4/2004,3:00:00 PM,0.109
S1075,5/4/2004,4:00:00 PM,0.112
S1075,5/4/2004,5:00:00 PM,0.117
S1075,5/4/2004,6:00:00 PM,0.120
S1075,5/4/2004,7:00:00 PM,0.125
S1075,5/4/2004,8:00:00 PM,0.128
S1075,5/4/2004,9:00:00 PM,0.130
S1075,5/4/2004,10:00:00 PM,0.124
S1075,5/4/2004,11:00:00 PM,0.109
S1922,4/28/2004,00:00:00 AM,0.046
S1922,4/28/2004,1:00:00 AM,0.039
S1922,4/28/2004,2:00:00 AM,0.037
S1922,4/28/2004,3:00:00 AM,0.034
S1922,4/28/2004,4:00:00 AM,0.035
S1922,4/28/2004,5:00:00 AM,0.038
S1922,4/28/2004,6:00:00 AM,0.051
S1922,4/28/2004,7:00:00 AM,0.070
S1922,4/28/2004,8:00:00 AM,0.065
S1922,4/28/2004,9:00:00 AM,0.060
S1922,4/28/2004,10:00:00 AM,0.061
S1922,4/28/2004,11:00:00 AM,0.059
S1922,4/28/2004,12:00:00 PM,0.056
S1922,4/28/2004,1:00:00 PM,0.056
S1922,4/28/2004,2:00:00 PM,0.054
S1922,4/28/2004,3:00:00 PM,0.054
S1922,4/28/2004,4:00:00 PM,0.055
S1922,4/28/2004,5:00:00 PM,0.058
S1922,4/28/2004,6:00:00 PM,0.059
S1922,4/28/2004,7:00:00 PM,0.061
S1922,4/28/2004,8:00:00 PM,0.063
S1922,4/28/2004,9:00:00 PM,0.064
S1922,4/28/2004,10:00:00 PM,0.061
S1922,4/28/2004,11:00:00 PM,0.054
S1922,4/29/2004,00:00:00 AM,0.046
S1922,4/29/2004,1:00:00 AM,0.039
S1922,4/29/2004,2:00:00 AM,0.037
S1922,4/29/2004,3:00:00 AM,0.034
S1922,4/29/2004,4:00:00 AM,0.035
S1922,4/29/2004,5:00:00 AM,0.038
S1922,4/29/2004,6:00:00 AM,0.051
S1922,4/29/2004,7:00:00 AM,0.070
S1922,4/29/2004,8:00:00 AM,0.065
S1922,4/29/2004,9:00:00 AM,0.060
S1922,4/29/2004,10:00:00 AM,0.061
S1922,4/29/2004,11:00:00 AM,0.059
S1922,4/29/2004,12:00:00 PM,0.056
S1922,4/29/2004,1:00:00 PM,0.056
S1922,4/29/2004,2:00:00 PM,0.054
S1922,4/29/2004,3:00:00 PM,0.054
S1922,4/29/2004,4:00:00 PM,0.055
S1922,4/29/2004,5:00:00 PM,0.058
S1922,4/29/2004,6:00:00 PM,0.059
S1922,4/29/2004,7:00:00 PM,0.061
S1922,4/29/2004,8:00:00 PM,0.063
S1922,4/29/2004,9:00:00 PM,0.064
S1922,4/29/2004,10:00:00 PM,0.061
S1922,4/29/2004,11:00:00 PM,0.054
S1922,4/30/2004,00:00:00 AM,0.046
S1922,4/30/2004,1:00:00 AM,0.039
S1922,4/30/2004,2:00:00 AM,0.037
S1922,4/30/2004,3:00:00 AM,0.034
S1922,4/30/2004,4:00:00 AM,0.035
S1922,4/30/2004,5:00:00 AM,0.038
S1922,4/30/2004,6:00:00 AM,0.051
S1922,4/30/2004,7:00:00 AM,0.070
S1922,4/30/2004,8:00:00 AM,0.065
S1922,4/30/2004,9:00:00 AM,0.060
S1922,4/30/2004,10:00:00 AM,0.061
S1922,4/30/2004,11:00:00 AM,0.059
S1922,4/30/2004,12:00:00 PM,0.056
S1922,4/30/2004,1:00:00 PM,0.056
S1922,4/30/2004,2:00:00 PM,0.054
S1922,4/30/2004,3:00:00 PM,0.054
S1922,4/30/2004,4:00:00 PM,0.055
S1922,4/30/2004,5:00:00 PM,0.058
S1922,4/30/2004,6:00:00 PM,0.059
S1922,4/30/2004,7:00:00 PM,0.061
S1922,4/30/2004,8:00:00 PM,0.063
S1922,4/30/2004,9:00:00 PM,0.064
S1922,4/30/2004,10:00:00 PM,0.061
S1922,4/30/2004,11:00:00 PM,0.054
S1922,5/1/2004,00:00:00 AM,0.046
S1922,5/1/2004,1:00:00 AM,0.040
S1922,5/1/2004,2:00:00 AM,0.037
S1922,5/1/2004,3:00:00 AM,0.035
S1922,5/1/2004,4:00:00 AM,0.035
S1922,5/1/2004,5:00:00 AM,0.036
S1922,5/1/2004,6:00:00 AM,0.039
S1922,5/1/2004,7:00:00 AM,0.044
S1922,5/1/2004,8:00:00 AM,0.057
S1922,5/1/2004,9:00:00 AM,0.066
S1922,5/1/2004,10:00:00 AM,0.069
S1922,5/1/2004,11:00:00 AM,0.068
S1922,5/1/2004,12:00:00 PM,0.065
S1922,5/1/2004,1:00:00 PM,0.063
S1922,5/1/2004,2:00:00 PM,0.060
S1922,5/1/2004,3:00:00 PM,0.060
S1922,5/1/2004,4:00:00 PM,0.058
S1922,5/1/2004,5:00:00 PM,0.059
S1922,5/1/2004,6:00:00 PM,0.060
S1922,5/1/2004,7:00:00 PM,0.062
S1922,5/1/2004,8:00:00 PM,0.061
S1922,5/1/2004,9:00:00 PM,0.061
S1922,5/1/2004,10:00:00 PM,0.057
S1922,5/1/2004,11:00:00 PM,0.054
S1922,5/2/2004,00:00:00 AM,0.046
S1922,5/2/2004,1:00:00 AM,0.040
S1922,5/2/2004,2:00:00 AM,0.037
S1922,5/2/2004,3:00:00 AM,0.035
S1922,5/2/2004,4:00:00 AM,0.035
S1922,5/2/2004,5:00:00 AM,0.036
S1922,5/2/2004,6:00:00 AM,0.039
S1922,5/2/2004,7:00:00 AM,0.044
S1922,5/2/2004,8:00:00 AM,0.057
S1922,5/2/2004,9:00:00 AM,0.066
S1922,5/2/2004,10:00:00 AM,0.069
S1922,5/2/2004,11:00:00 AM,0.068
S1922,5/2/2004,12:00:00 PM,0.065
S1922,5/2/2004,1:00:00 PM,0.063
S1922,5/2/2004,2:00:00 PM,0.060
S1922,5/2/2004,3:00:00 PM,0.060
S1922,5/2/2004,4:00:00 PM,0.058
S1922,5/2/2004,5:00:00 PM,0.059
S1922,5/2/2004,6:00:00 PM,0.060
S1922,5/2/2004,7:00:00 PM,0.062
S1922,5/2/2004,8:00:00 PM,0.061
S1922,5/2/2004,9:00:00 PM,0.061
S1922,5/2/2004,10:00:00 PM,0.057
S1922,5/2/2004,11:00:00 PM,0.054
S1922,5/3/2004,00:00:00 AM,0.046
S1922,5/3/2004,1:00:00 AM,0.039
S1922,5/3/2004,2:00:00 AM,0.037
S1922,5/3/2004,3:00:00 AM,0.034
S1922,5/3/2004,4:00:00 AM,0.035
S1922,5/3/2004,5:00:00 AM,0.038
S1922,5/3/2004,6:00:00 AM,0.051
S1922,5/3/2004,7:00:00 AM,0.070
S1922,5/3/2004,8:00:00 AM,0.065
S1922,5/3/2004,9:00:00 AM,0.060
S1922,5/3/2004,10:00:00 AM,0.061
S1922,5/3/2004,11:00:00 AM,0.059
S1922,5/3/2004,12:00:00 PM,0.056
S1922,5/3/2004,1:00:00 PM,0.056
S1922,5/3/2004,2:00:00 PM,0.054
S1922,5/3/2004,3:00:00 PM,0.054
S1922,5/3/2004,4:00:00 PM,0.055
S1922,5/3/2004,5:00:00 PM,0.058
S1922,5/3/2004,6:00:00 PM,0.059
S1922,5/3/2004,7:00:00 PM,0.061
S1922,5/3/2004,8:00:00 PM,0.063
S1922,5/3/2004,9:00:00 PM,0.064
S1922,5/3/2004,10:00:00 PM,0.061
S1922,5/3/2004,11:00:00 PM,0.054
S1922,5/4/2004,00:00:00 AM,0.046
S1922,5/4/2004,1:00:00 AM,0.039
S1922,5/4/2004,2:00:00 AM,0.037
S1922,5/4/2004,3:00:00 AM,0.034
S1922,5/4/2004,4:00:00 AM,0.035
S1922,5/4/2004,5:00:00 AM,0.038
S1922,5/4/2004,6:00:00 AM,0.051
S1922,5/4/2004,7:00:00 AM,0.070
S1922,5/4/2004,8:00:00 AM,0.065
S1922,5/4/2004,9:00:00 AM,0.060
S1922,5/4/2004,10:00:00 AM,0.061
S1922,5/4/2004,11:00:00 AM,0.059
S1922,5/4/2004,12:00:00 PM,0.056
S1922,5/4/2004,1:00:00 PM,0.056
S1922,5/4/2004,2:00:00 PM,0.054
S1922,5/4/2004,3:00:00 PM,0.054
S1922,5/4/2004,4:00:00 PM,0.055
S1922,5/4/2004,5:00:00 PM,0.058
S1922,5/4/2004,6:00:00 PM,0.059
S1922,5/4/2004,7:00:00 PM,0.061
S1922,5/4/2004,8:00:00 PM,0.063
S1922,5/4/2004,9:00:00 PM,0.064
S1922,5/4/2004,10:00:00 PM,0.061
S1922,5/4/2004,11:00:00 PM,0.054
S913,4/28/2004,00:00:00 AM,0.071
S913,4/28/2004,1:00:00 AM,0.060
S913,4/28/2004,2:00:00 AM,0.056
S913,4/28/2004,3:00:00 AM,0.052
S913,4/28/2004,4:00:00 AM,0.054
S913,4/28/2004,5:00:00 AM,0.058
S913,4/28/2004,6:00:00 AM,0.078
S913,4/28/2004,7:00:00 AM,0.107
S913,4/28/2004,8:00:00 AM,0.099
S913,4/28/2004,9:00:00 AM,0.092
S913,4/28/2004,10:00:00 AM,0.093
S913,4/28/2004,11:00:00 AM,0.090
S913,4/28/2004,12:00:00 PM,0.086
S913,4/28/2004,1:00:00 PM,0.085
S913,4/28/2004,2:00:00 PM,0.083
S913,4/28/2004,3:00:00 PM,0.082
S913,4/28/2004,4:00:00 PM,0.084
S913,4/28/2004,5:00:00 PM,0.088
S913,4/28/2004,6:00:00 PM,0.090
S913,4/28/2004,7:00:00 PM,0.093
S913,4/28/2004,8:00:00 PM,0.096
S913,4/28/2004,9:00:00 PM,0.098
S913,4/28/2004,10:00:00 PM,0.093
S913,4/28/2004,11:00:00 PM,0.082
S913,4/29/2004,00:00:00 AM,0.071
S913,4/29/2004,1:00:00 AM,0.060
S913,4/29/2004,2:00:00 AM,0.056
S913,4/29/2004,3:00:00 AM,0.052
S913,4/29/2004,4:00:00 AM,0.054
S913,4/29/2004,5:00:00 AM,0.058
S913,4/29/2004,6:00:00 AM,0.078
S913,4/29/2004,7:00:00 AM,0.107
S913,4/29/2004,8:00:00 AM,0.099
S913,4/29/2004,9:00:00 AM,0.092
S913,4/29/2004,10:00:00 AM,0.093
S913,4/29/2004,11:00:00 AM,0.090
S913,4/29/2004,12:00:00 PM,0.086
S913,4/29/2004,1:00:00 PM,0.085
S913,4/29/2004,2:00:00 PM,0.083
S913,4/29/2004,3:00:00 PM,0.082
S913,4/29/2004,4:00:00 PM,0.084
S913,4/29/2004,5:00:00 PM,0.088
S913,4/29/2004,6:00:00 PM,0.090
S913,4/29/2004,7:00:00 PM,0.093
S913,4/29/2004,8:00:00 PM,0.096
S913,4/29/2004,9:00:00 PM,0.098
S913,4/29/2004,10:00:00 PM,0.093
S913,4/29/2004,11:00:00 PM,0.082
S913,4/30/2004,00:00:00 AM,0.071
S913,4/30/2004,1:00:00 AM,0.060
S913,4/30/2004,2:00:00 AM,0.056
S913,4/30/2004,3:00:00 AM,0.052
S913,4/30/2004,4:00:00 AM,0.054
S913,4/30/2004,5:00:00 AM,0.058
S913,4/30/2004,6:00:00 AM,0.078
S913,4/30/2004,7:00:00 AM,0.107
S913,4/30/2004,8:00:00 AM,0.099
S913,4/30/2004,9:00:00 AM,0.092
S913,4/30/2004,10:00:00 AM,0.093
S913,4/30/2004,11:00:00 AM,0.090
S913,4/30/2004,12:00:00 PM,0.086
S913,4/30/2004,1:00:00 PM,0.085
S913,4/30/2004,2:00:00 PM,0.083
S913,4/30/2004,3:00:00 PM,0.082
S913,4/30/2004,4:00:00 PM,0.084
S913,4/30/2004,5:00:00 PM,0.088
S913,4/30/2004,6:00:00 PM,0.090
S913,4/30/2004,7:00:00 PM,0.093
S913,4/30/2004,8:00:00 PM,0.096
S913,4/30/2004,9:00:00 PM,0.098
S913,4/30/2004,10:00:00 PM,0.093
S913,4/30/2004,11:00:00 PM,0.082
S913,5/1/2004,00:00:00 AM,0.071
S913,5/1/2004,1:00:00 AM,0.061
S913,5/1/2004,2:00:00 AM,0.057
S913,5/1/2004,3:00:00 AM,0.053
S913,5/1/2004,4:00:00 AM,0.053
S913,5/1/2004,5:00:00 AM,0.055
S913,5/1/2004,6:00:00 AM,0.059
S913,5/1/2004,7:00:00 AM,0.066
S913,5/1/2004,8:00:00 AM,0.087
S913,5/1/2004,9:00:00 AM,0.100
S913,5/1/2004,10:00:00 AM,0.105
S913,5/1/2004,11:00:00 AM,0.104
S913,5/1/2004,12:00:00 PM,0.098
S913,5/1/2004,1:00:00 PM,0.096
S913,5/1/2004,2:00:00 PM,0.092
S913,5/1/2004,3:00:00 PM,0.091
S913,5/1/2004,4:00:00 PM,0.089
S913,5/1/2004,5:00:00 PM,0.089
S913,5/1/2004,6:00:00 PM,0.092
S913,5/1/2004,7:00:00 PM,0.095
S913,5/1/2004,8:00:00 PM,0.093
S913,5/1/2004,9:00:00 PM,0.093
S913,5/1/2004,10:00:00 PM,0.087
S913,5/1/2004,11:00:00 PM,0.082
S913,5/2/2004,00:00:00 AM,0.071
S913,5/2/2004,1:00:00 AM,0.061
S913,5/2/2004,2:00:00 AM,0.057
S913,5/2/2004,3:00:00 AM,0.053
S913,5/2/2004,4:00:00 AM,0.053
S913,5/2/2004,5:00:00 AM,0.055
S913,5/2/2004,6:00:00 AM,0.059
S913,5/2/2004,7:00:00 AM,0.066
S913,5/2/2004,8:00:00 AM,0.087
S913,5/2/2004,9:00:00 AM,0.100
S913,5/2/2004,10:00:00 AM,0.105
S913,5/2/2004,11:00:00 AM,0.104
S913,5/2/2004,12:00:00 PM,0.098
S913,5/2/2004,1:00:00 PM,0.096
S913,5/2/2004,2:00:00 PM,0.092
S913,5/2/2004,3:00:00 PM,0.091
S913,5/2/2004,4:00:00 PM,0.089
S913,5/2/2004,5:00:00 PM,0.089
S913,5/2/2004,6:00:00 PM,0.092
S913,5/2/2004,7:00:00 PM,0.095
S913,5/2/2004,8:00:00 PM,0.093
S913,5/2/2004,9:00:00 PM,0.093
S913,5/2/2004,10:00:00 PM,0.087
S913,5/2/2004,11:00:00 PM,0.082
S913,5/3/2004,00:00:00 AM,0.071
S913,5/3/2004,1:00:00 AM,0.060
S913,5/3/2004,2:00:00 AM,0.056
S913,5/3/2004,3:00:00 AM,0.052
S913,5/3/2004,4:00:00 AM,0.054
S913,5/3/2004,5:00:00 AM,0.058
S913,5/3/2004,6:00:00 AM,0.078
S913,5/3/2004,7:00:00 AM,0.107
S913,5/3/2004,8:00:00 AM,0.099
S913,5/3/2004,9:00:00 AM,0.092
S913,5/3/2004,10:00:00 AM,0.093
S913,5/3/2004,11:00:00 AM,0.090
S913,5/3/2004,12:00:00 PM,0.086
S913,5/3/2004,1:00:00 PM,0.085
S913,5/3/2004,2:00:00 PM,0.083
S913,5/3/2004,3:00:00 PM,0.082
S913,5/3/2004,4:00:00 PM,0.084
S913,5/3/2004,5:00:00 PM,0.088
S913,5/3/2004,6:00:00 PM,0.090
S913,5/3/2004,7:00:00 PM,0.093
S913,5/3/2004,8:00:00 PM,0.096
S913,5/3/2004,9:00:00 PM,0.098
S913,5/3/2004,10:00:00 PM,0.093
S913,5/3/2004,11:00:00 PM,0.082
S913,5/4/2004,00:00:00 AM,0.071
S913,5/4/2004,1:00:00 AM,0.060
S913,5/4/2004,2:00:00 AM,0.056
S913,5/4/2004,3:00:00 AM,0.052
S913,5/4/2004,4:00:00 AM,0.054
S913,5/4/2004,5:00:00 AM,0.058
S913,5/4/2004,6:00:00 AM,0.078
S913,5/4/2004,7:00:00 AM,0.107
S913,5/4/2004,8:00:00 AM,0.099
S913,5/4/2004,9:00:00 AM,0.092
S913,5/4/2004,10:00:00 AM,0.093
S913,5/4/2004,11:00:00 AM,0.090
S913,5/4/2004,12:00:00 PM,0.086
S913,5/4/2004,1:00:00 PM,0.085
S913,5/4/2004,2:00:00 PM,0.083
S913,5/4/2004,3:00:00 PM,0.082
S913,5/4/2004,4:00:00 PM,0.084
S913,5/4/2004,5:00:00 PM,0.088
S913,5/4/2004,6:00:00 PM,0.090
S913,5/4/2004,7:00:00 PM,0.093
S913,5/4/2004,8:00:00 PM,0.096
S913,5/4/2004,9:00:00 PM,0.098
S913,5/4/2004,10:00:00 PM,0.093
S913,5/4/2004,11:00:00 PM,0.082
S2527,4/28/2004,00:00:00 AM,0.010
S2527,4/28/2004,1:00:00 AM,0.008
S2527,4/28/2004,2:00:00 AM,0.007
S2527,4/28/2004,3:00:00 AM,0.006
S2527,4/28/2004,4:00:00 AM,0.006
S2527,4/28/2004,5:00:00 AM,0.006
S2527,4/28/2004,6:00:00 AM,0.008
S2527,4/28/2004,7:00:00 AM,0.016
S2527,4/28/2004,8:00:00 AM,0.020
S2527,4/28/2004,9:00:00 AM,0.021
S2527,4/28/2004,10:00:00 AM,0.021
S2527,4/28/2004,11:00:00 AM,0.021
S2527,4/28/2004,12:00:00 PM,0.021
S2527,4/28/2004,1:00:00 PM,0.020
S2527,4/28/2004,2:00:00 PM,0.019
S2527,4/28/2004,3:00:00 PM,0.018
S2527,4/28/2004,4:00:00 PM,0.017
S2527,4/28/2004,5:00:00 PM,0.014
S2527,4/28/2004,6:00:00 PM,0.012
S2527,4/28/2004,7:00:00 PM,0.012
S2527,4/28/2004,8:00:00 PM,0.012
S2527,4/28/2004,9:00:00 PM,0.012
S2527,4/28/2004,10:00:00 PM,0.012
S2527,4/28/2004,11:00:00 PM,0.011
S2527,4/29/2004,00:00:00 AM,0.010
S2527,4/29/2004,1:00:00 AM,0.008
S2527,4/29/2004,2:00:00 AM,0.007
S2527,4/29/2004,3:00:00 AM,0.006
S2527,4/29/2004,4:00:00 AM,0.006
S2527,4/29/2004,5:00:00 AM,0.006
S2527,4/29/2004,6:00:00 AM,0.008
S2527,4/29/2004,7:00:00 AM,0.016
S2527,4/29/2004,8:00:00 AM,0.020
S2527,4/29/2004,9:00:00 AM,0.021
S2527,4/29/2004,10:00:00 AM,0.021
S2527,4/29/2004,11:00:00 AM,0.021
S2527,4/29/2004,12:00:00 PM,0.021
S2527,4/29/2004,1:00:00 PM,0.020
S2527,4/29/2004,2:00:00 PM,0.019
S2527,4/29/2004,3:00:00 PM,0.018
S2527,4/29/2004,4:00:00 PM,0.017
S2527,4/29/2004,5:00:00 PM,0.014
S2527,4/29/2004,6:00:00 PM,0.012
S2527,4/29/2004,7:00:00 PM,0.012
S2527,4/29/2004,8:00:00 PM,0.012
S2527,4/29/2004,9:00:00 PM,0.012
S2527,4/29/2004,10:00:00 PM,0.012
S2527,4/29/2004,11:00:00 PM,0.011
S2527,4/30/2004,00:00:00 AM,0.010
S2527,4/30/2004,1:00:00 AM,0.008
S2527,4/30/2004,2:00:00 AM,0.007
S2527,4/30/2004,3:00:00 AM,0.006
S2527,4/30/2004,4:00:00 AM,0.006
S2527,4/30/2004,5:00:00 AM,0.006
S2527,4/30/2004,6:00:00 AM,0.008
S2527,4/30/2004,7:00:00 AM,0.016
S2527,4/30/2004,8:00:00 AM,0.020
S2527,4/30/2004,9:00:00 AM,0.021
S2527,4/30/2004,10:00:00 AM,0.021
S2527,4/30/2004,11:00:00 AM,0.021
S2527,4/30/2004,12:00:00 PM,0.021
S2527,4/30/2004,1:00:00 PM,0.020
S2527,4/30/2004,2:00:00 PM,0.019
S2527,4/30/2004,3:00:00 PM,0.018
S2527,4/30/2004,4:00:00 PM,0.017
S2527,4/30/2004,5:00:00 PM,0.014
S2527,4/30/2004,6:00:00 PM,0.012
S2527,4/30/2004,7:00:00 PM,0.012
S2527,4/30/2004,8:00:00 PM,0.012
S2527,4/30/2004,9:00:00 PM,0.012
S2527,4/30/2004,10:00:00 PM,0.012
S2527,4/30/2004,11:00:00 PM,0.011
S2527,5/1/2004,00:00:00 AM,0.010
S2527,5/1/2004,1:00:00 AM,0.009
S2527,5/1/2004,2:00:00 AM,0.009
S2527,5/1/2004,3:00:00 AM,0.008
S2527,5/1/2004,4:00:00 AM,0.007
S2527,5/1/2004,5:00:00 AM,0.006
S2527,5/1/2004,6:00:00 AM,0.006
S2527,5/1/2004,7:00:00 AM,0.007
S2527,5/1/2004,8:00:00 AM,0.013
S2527,5/1/2004,9:00:00 AM,0.020
S2527,5/1/2004,10:00:00 AM,0.023
S2527,5/1/2004,11:00:00 AM,0.023
S2527,5/1/2004,12:00:00 PM,0.022
S2527,5/1/2004,1:00:00 PM,0.020
S2527,5/1/2004,2:00:00 PM,0.019
S2527,5/1/2004,3:00:00 PM,0.018
S2527,5/1/2004,4:00:00 PM,0.015
S2527,5/1/2004,5:00:00 PM,0.013
S2527,5/1/2004,6:00:00 PM,0.013
S2527,5/1/2004,7:00:00 PM,0.014
S2527,5/1/2004,8:00:00 PM,0.015
S2527,5/1/2004,9:00:00 PM,0.015
S2527,5/1/2004,10:00:00 PM,0.014
S2527,5/1/2004,11:00:00 PM,0.011
S2527,5/2/2004,00:00:00 AM,0.010
S2527,5/2/2004,1:00:00 AM,0.009
S2527,5/2/2004,2:00:00 AM,0.009
S2527,5/2/2004,3:00:00 AM,0.008
S2527,5/2/2004,4:00:00 AM,0.007
S2527,5/2/2004,5:00:00 AM,0.006
S2527,5/2/2004,6:00:00 AM,0.006
S2527,5/2/2004,7:00:00 AM,0.007
S2527,5/2/2004,8:00:00 AM,0.013
S2527,5/2/2004,9:00:00 AM,0.020
S2527,5/2/2004,10:00:00 AM,0.023
S2527,5/2/2004,11:00:00 AM,0.023
S2527,5/2/2004,12:00:00 PM,0.022
S2527,5/2/2004,1:00:00 PM,0.020
S2527,5/2/2004,2:00:00 PM,0.019
S2527,5/2/2004,3:00:00 PM,0.018
S2527,5/2/2004,4:00:00 PM,0.015
S2527,5/2/2004,5:00:00 PM,0.013
S2527,5/2/2004,6:00:00 PM,0.013
S2527,5/2/2004,7:00:00 PM,0.014
S2527,5/2/2004,8:00:00 PM,0.015
S2527,5/2/2004,9:00:00 PM,0.015
S2527,5/2/2004,10:00:00 PM,0.014
S2527,5/2/2004,11:00:00 PM,0.011
S2527,5/3/2004,00:00:00 AM,0.010
S2527,5/3/2004,1:00:00 AM,0.008
S2527,5/3/2004,2:00:00 AM,0.007
S2527,5/3/2004,3:00:00 AM,0.006
S2527,5/3/2004,4:00:00 AM,0.006
S2527,5/3/2004,5:00:00 AM,0.006
S2527,5/3/2004,6:00:00 AM,0.008
S2527,5/3/2004,7:00:00 AM,0.016
S2527,5/3/2004,8:00:00 AM,0.020
S2527,5/3/2004,9:00:00 AM,0.021
S2527,5/3/2004,10:00:00 AM,0.021
S2527,5/3/2004,11:00:00 AM,0.021
S2527,5/3/2004,12:00:00 PM,0.021
S2527,5/3/2004,1:00:00 PM,0.020
S2527,5/3/2004,2:00:00 PM,0.019
S2527,5/3/2004,3:00:00 PM,0.018
S2527,5/3/2004,4:00:00 PM,0.017
S2527,5/3/2004,5:00:00 PM,0.014
S2527,5/3/2004,6:00:00 PM,0.012
S2527,5/3/2004,7:00:00 PM,0.012
S2527,5/3/2004,8:00:00 PM,0.012
S2527,5/3/2004,9:00:00 PM,0.012
S2527,5/3/2004,10:00:00 PM,0.012
S2527,5/3/2004,11:00:00 PM,0.011
S2527,5/4/2004,00:00:00 AM,0.010
S2527,5/4/2004,1:00:00 AM,0.008
S2527,5/4/2004,2:00:00 AM,0.007
S2527,5/4/2004,3:00:00 AM,0.006
S2527,5/4/2004,4:00:00 AM,0.006
S2527,5/4/2004,5:00:00 AM,0.006
S2527,5/4/2004,6:00:00 AM,0.008
S2527,5/4/2004,7:00:00 AM,0.016
S2527,5/4/2004,8:00:00 AM,0.020
S2527,5/4/2004,9:00:00 AM,0.021
S2527,5/4/2004,10:00:00 AM,0.021
S2527,5/4/2004,11:00:00 AM,0.021
S2527,5/4/2004,12:00:00 PM,0.021
S2527,5/4/2004,1:00:00 PM,0.020
S2527,5/4/2004,2:00:00 PM,0.019
S2527,5/4/2004,3:00:00 PM,0.018
S2527,5/4/2004,4:00:00 PM,0.017
S2527,5/4/2004,5:00:00 PM,0.014
S2527,5/4/2004,6:00:00 PM,0.012
S2527,5/4/2004,7:00:00 PM,0.012
S2527,5/4/2004,8:00:00 PM,0.012
S2527,5/4/2004,9:00:00 PM,0.012
S2527,5/4/2004,10:00:00 PM,0.012
S2527,5/4/2004,11:00:00 PM,0.011
S1074,4/28/2004,00:00:00 AM,0.102
S1074,4/28/2004,1:00:00 AM,0.086
S1074,4/28/2004,2:00:00 AM,0.080
S1074,4/28/2004,3:00:00 AM,0.074
S1074,4/28/2004,4:00:00 AM,0.078
S1074,4/28/2004,5:00:00 AM,0.084
S1074,4/28/2004,6:00:00 AM,0.112
S1074,4/28/2004,7:00:00 AM,0.155
S1074,4/28/2004,8:00:00 AM,0.143
S1074,4/28/2004,9:00:00 AM,0.132
S1074,4/28/2004,10:00:00 AM,0.134
S1074,4/28/2004,11:00:00 AM,0.130
S1074,4/28/2004,12:00:00 PM,0.124
S1074,4/28/2004,1:00:00 PM,0.123
S1074,4/28/2004,2:00:00 PM,0.119
S1074,4/28/2004,3:00:00 PM,0.118
S1074,4/28/2004,4:00:00 PM,0.121
S1074,4/28/2004,5:00:00 PM,0.126
S1074,4/28/2004,6:00:00 PM,0.130
S1074,4/28/2004,7:00:00 PM,0.135
S1074,4/28/2004,8:00:00 PM,0.138
S1074,4/28/2004,9:00:00 PM,0.141
S1074,4/28/2004,10:00:00 PM,0.134
S1074,4/28/2004,11:00:00 PM,0.118
S1074,4/29/2004,00:00:00 AM,0.102
S1074,4/29/2004,1:00:00 AM,0.086
S1074,4/29/2004,2:00:00 AM,0.080
S1074,4/29/2004,3:00:00 AM,0.074
S1074,4/29/2004,4:00:00 AM,0.078
S1074,4/29/2004,5:00:00 AM,0.084
S1074,4/29/2004,6:00:00 AM,0.112
S1074,4/29/2004,7:00:00 AM,0.155
S1074,4/29/2004,8:00:00 AM,0.143
S1074,4/29/2004,9:00:00 AM,0.132
S1074,4/29/2004,10:00:00 AM,0.134
S1074,4/29/2004,11:00:00 AM,0.130
S1074,4/29/2004,12:00:00 PM,0.124
S1074,4/29/2004,1:00:00 PM,0.123
S1074,4/29/2004,2:00:00 PM,0.119
S1074,4/29/2004,3:00:00 PM,0.118
S1074,4/29/2004,4:00:00 PM,0.121
S1074,4/29/2004,5:00:00 PM,0.126
S1074,4/29/2004,6:00:00 PM,0.130
S1074,4/29/2004,7:00:00 PM,0.135
S1074,4/29/2004,8:00:00 PM,0.138
S1074,4/29/2004,9:00:00 PM,0.141
S1074,4/29/2004,10:00:00 PM,0.134
S1074,4/29/2004,11:00:00 PM,0.118
S1074,4/30/2004,00:00:00 AM,0.102
S1074,4/30/2004,1:00:00 AM,0.086
S1074,4/30/2004,2:00:00 AM,0.080
S1074,4/30/2004,3:00:00 AM,0.074
S1074,4/30/2004,4:00:00 AM,0.078
S1074,4/30/2004,5:00:00 AM,0.084
S1074,4/30/2004,6:00:00 AM,0.112
S1074,4/30/2004,7:00:00 AM,0.155
S1074,4/30/2004,8:00:00 AM,0.143
S1074,4/30/2004,9:00:00 AM,0.132
S1074,4/30/2004,10:00:00 AM,0.134
S1074,4/30/2004,11:00:00 AM,0.130
S1074,4/30/2004,12:00:00 PM,0.124
S1074,4/30/2004,1:00:00 PM,0.123
S1074,4/30/2004,2:00:00 PM,0.119
S1074,4/30/2004,3:00:00 PM,0.118
S1074,4/30/2004,4:00:00 PM,0.121
S1074,4/30/2004,5:00:00 PM,0.126
S1074,4/30/2004,6:00:00 PM,0.130
S1074,4/30/2004,7:00:00 PM,0.135
S1074,4/30/2004,8:00:00 PM,0.138
S1074,4/30/2004,9:00:00 PM,0.141
S1074,4/30/2004,10:00:00 PM,0.134
S1074,4/30/2004,11:00:00 PM,0.118
S1074,5/1/2004,00:00:00 AM,0.102
S1074,5/1/2004,1:00:00 AM,0.089
S1074,5/1/2004,2:00:00 AM,0.082
S1074,5/1/2004,3:00:00 AM,0.077
S1074,5/1/2004,4:00:00 AM,0.077
S1074,5/1/2004,5:00:00 AM,0.079
S1074,5/1/2004,6:00:00 AM,0.085
S1074,5/1/2004,7:00:00 AM,0.096
S1074,5/1/2004,8:00:00 AM,0.125
S1074,5/1/2004,9:00:00 AM,0.144
S1074,5/1/2004,10:00:00 AM,0.151
S1074,5/1/2004,11:00:00 AM,0.150
S1074,5/1/2004,12:00:00 PM,0.142
S1074,5/1/2004,1:00:00 PM,0.138
S1074,5/1/2004,2:00:00 PM,0.132
S1074,5/1/2004,3:00:00 PM,0.131
S1074,5/1/2004,4:00:00 PM,0.128
S1074,5/1/2004,5:00:00 PM,0.129
S1074,5/1/2004,6:00:00 PM,0.132
S1074,5/1/2004,7:00:00 PM,0.137
S1074,5/1/2004,8:00:00 PM,0.135
S1074,5/1/2004,9:00:00 PM,0.134
S1074,5/1/2004,10:00:00 PM,0.125
S1074,5/1/2004,11:00:00 PM,0.118
S1074,5/2/2004,00:00:00 AM,0.102
S1074,5/2/2004,1:00:00 AM,0.089
S1074,5/2/2004,2:00:00 AM,0.082
S1074,5/2/2004,3:00:00 AM,0.077
S1074,5/2/2004,4:00:00 AM,0.077
S1074,5/2/2004,5:00:00 AM,0.079
S1074,5/2/2004,6:00:00 AM,0.085
S1074,5/2/2004,7:00:00 AM,0.096
S1074,5/2/2004,8:00:00 AM,0.125
S1074,5/2/2004,9:00:00 AM,0.144
S1074,5/2/2004,10:00:00 AM,0.151
S1074,5/2/2004,11:00:00 AM,0.150
S1074,5/2/2004,12:00:00 PM,0.142
S1074,5/2/2004,1:00:00 PM,0.138
S1074,5/2/2004,2:00:00 PM,0.132
S1074,5/2/2004,3:00:00 PM,0.131
S1074,5/2/2004,4:00:00 PM,0.128
S1074,5/2/2004,5:00:00 PM,0.129
S1074,5/2/2004,6:00:00 PM,0.132
S1074,5/2/2004,7:00:00 PM,0.137
S1074,5/2/2004,8:00:00 PM,0.135
S1074,5/2/2004,9:00:00 PM,0.134
S1074,5/2/2004,10:00:00 PM,0.125
S1074,5/2/2004,11:00:00 PM,0.118
S1074,5/3/2004,00:00:00 AM,0.102
S1074,5/3/2004,1:00:00 AM,0.086
S1074,5/3/2004,2:00:00 AM,0.080
S1074,5/3/2004,3:00:00 AM,0.074
S1074,5/3/2004,4:00:00 AM,0.078
S1074,5/3/2004,5:00:00 AM,0.084
S1074,5/3/2004,6:00:00 AM,0.112
S1074,5/3/2004,7:00:00 AM,0.155
S1074,5/3/2004,8:00:00 AM,0.143
S1074,5/3/2004,9:00:00 AM,0.132
S1074,5/3/2004,10:00:00 AM,0.134
S1074,5/3/2004,11:00:00 AM,0.130
S1074,5/3/2004,12:00:00 PM,0.124
S1074,5/3/2004,1:00:00 PM,0.123
S1074,5/3/2004,2:00:00 PM,0.119
S1074,5/3/2004,3:00:00 PM,0.118
S1074,5/3/2004,4:00:00 PM,0.121
S1074,5/3/2004,5:00:00 PM,0.126
S1074,5/3/2004,6:00:00 PM,0.130
S1074,5/3/2004,7:00:00 PM,0.135
S1074,5/3/2004,8:00:00 PM,0.138
S1074,5/3/2004,9:00:00 PM,0.141
S1074,5/3/2004,10:00:00 PM,0.134
S1074,5/3/2004,11:00:00 PM,0.118
S1074,5/4/2004,00:00:00 AM,0.102
S1074,5/4/2004,1:00:00 AM,0.086
S1074,5/4/2004,2:00:00 AM,0.080
S1074,5/4/2004,3:00:00 AM,0.074
S1074,5/4/2004,4:00:00 AM,0.078
S1074,5/4/2004,5:00:00 AM,0.084
S1074,5/4/2004,6:00:00 AM,0.112
S1074,5/4/2004,7:00:00 AM,0.155
S1074,5/4/2004,8:00:00 AM,0.143
S1074,5/4/2004,9:00:00 AM,0.132
S1074,5/4/2004,10:00:00 AM,0.134
S1074,5/4/2004,11:00:00 AM,0.130
S1074,5/4/2004,12:00:00 PM,0.124
S1074,5/4/2004,1:00:00 PM,0.123
S1074,5/4/2004,2:00:00 PM,0.119
S1074,5/4/2004,3:00:00 PM,0.118
S1074,5/4/2004,4:00:00 PM,0.121
S1074,5/4/2004,5:00:00 PM,0.126
S1074,5/4/2004,6:00:00 PM,0.130
S1074,5/4/2004,7:00:00 PM,0.135
S1074,5/4/2004,8:00:00 PM,0.138
S1074,5/4/2004,9:00:00 PM,0.141
S1074,5/4/2004,10:00:00 PM,0.134
S1074,5/4/2004,11:00:00 PM,0.118
S1025,4/28/2004,00:00:00 AM,0.015
S1025,4/28/2004,1:00:00 AM,0.013
S1025,4/28/2004,2:00:00 AM,0.012
S1025,4/28/2004,3:00:00 AM,0.011
S1025,4/28/2004,4:00:00 AM,0.011
S1025,4/28/2004,5:00:00 AM,0.012
S1025,4/28/2004,6:00:00 AM,0.016
S1025,4/28/2004,7:00:00 AM,0.023
S1025,4/28/2004,8:00:00 AM,0.021
S1025,4/28/2004,9:00:00 AM,0.019
S1025,4/28/2004,10:00:00 AM,0.020
S1025,4/28/2004,11:00:00 AM,0.019
S1025,4/28/2004,12:00:00 PM,0.018
S1025,4/28/2004,1:00:00 PM,0.018
S1025,4/28/2004,2:00:00 PM,0.018
S1025,4/28/2004,3:00:00 PM,0.017
S1025,4/28/2004,4:00:00 PM,0.018
S1025,4/28/2004,5:00:00 PM,0.019
S1025,4/28/2004,6:00:00 PM,0.019
S1025,4/28/2004,7:00:00 PM,0.020
S1025,4/28/2004,8:00:00 PM,0.020
S1025,4/28/2004,9:00:00 PM,0.021
S1025,4/28/2004,10:00:00 PM,0.020
S1025,4/28/2004,11:00:00 PM,0.017
S1025,4/29/2004,00:00:00 AM,0.015
S1025,4/29/2004,1:00:00 AM,0.013
S1025,4/29/2004,2:00:00 AM,0.012
S1025,4/29/2004,3:00:00 AM,0.011
S1025,4/29/2004,4:00:00 AM,0.011
S1025,4/29/2004,5:00:00 AM,0.012
S1025,4/29/2004,6:00:00 AM,0.016
S1025,4/29/2004,7:00:00 AM,0.023
S1025,4/29/2004,8:00:00 AM,0.021
S1025,4/29/2004,9:00:00 AM,0.019
S1025,4/29/2004,10:00:00 AM,0.020
S1025,4/29/2004,11:00:00 AM,0.019
S1025,4/29/2004,12:00:00 PM,0.018
S1025,4/29/2004,1:00:00 PM,0.018
S1025,4/29/2004,2:00:00 PM,0.018
S1025,4/29/2004,3:00:00 PM,0.017
S1025,4/29/2004,4:00:00 PM,0.018
S1025,4/29/2004,5:00:00 PM,0.019
S1025,4/29/2004,6:00:00 PM,0.019
S1025,4/29/2004,7:00:00 PM,0.020
S1025,4/29/2004,8:00:00 PM,0.020
S1025,4/29/2004,9:00:00 PM,0.021
S1025,4/29/2004,10:00:00 PM,0.020
S1025,4/29/2004,11:00:00 PM,0.017
S1025,4/30/2004,00:00:00 AM,0.015
S1025,4/30/2004,1:00:00 AM,0.013
S1025,4/30/2004,2:00:00 AM,0.012
S1025,4/30/2004,3:00:00 AM,0.011
S1025,4/30/2004,4:00:00 AM,0.011
S1025,4/30/2004,5:00:00 AM,0.012
S1025,4/30/2004,6:00:00 AM,0.016
S1025,4/30/2004,7:00:00 AM,0.023
S1025,4/30/2004,8:00:00 AM,0.021
S1025,4/30/2004,9:00:00 AM,0.019
S1025,4/30/2004,10:00:00 AM,0.020
S1025,4/30/2004,11:00:00 AM,0.019
S1025,4/30/2004,12:00:00 PM,0.018
S1025,4/30/2004,1:00:00 PM,0.018
S1025,4/30/2004,2:00:00 PM,0.018
S1025,4/30/2004,3:00:00 PM,0.017
S1025,4/30/2004,4:00:00 PM,0.018
S1025,4/30/2004,5:00:00 PM,0.019
S1025,4/30/2004,6:00:00 PM,0.019
S1025,4/30/2004,7:00:00 PM,0.020
S1025,4/30/2004,8:00:00 PM,0.020
S1025,4/30/2004,9:00:00 PM,0.021
S1025,4/30/2004,10:00:00 PM,0.020
S1025,4/30/2004,11:00:00 PM,0.017
S1025,5/1/2004,00:00:00 AM,0.015
S1025,5/1/2004,1:00:00 AM,0.013
S1025,5/1/2004,2:00:00 AM,0.012
S1025,5/1/2004,3:00:00 AM,0.011
S1025,5/1/2004,4:00:00 AM,0.011
S1025,5/1/2004,5:00:00 AM,0.012
S1025,5/1/2004,6:00:00 AM,0.012
S1025,5/1/2004,7:00:00 AM,0.014
S1025,5/1/2004,8:00:00 AM,0.018
S1025,5/1/2004,9:00:00 AM,0.021
S1025,5/1/2004,10:00:00 AM,0.022
S1025,5/1/2004,11:00:00 AM,0.022
S1025,5/1/2004,12:00:00 PM,0.021
S1025,5/1/2004,1:00:00 PM,0.020
S1025,5/1/2004,2:00:00 PM,0.019
S1025,5/1/2004,3:00:00 PM,0.019
S1025,5/1/2004,4:00:00 PM,0.019
S1025,5/1/2004,5:00:00 PM,0.019
S1025,5/1/2004,6:00:00 PM,0.019
S1025,5/1/2004,7:00:00 PM,0.020
S1025,5/1/2004,8:00:00 PM,0.020
S1025,5/1/2004,9:00:00 PM,0.020
S1025,5/1/2004,10:00:00 PM,0.018
S1025,5/1/2004,11:00:00 PM,0.017
S1025,5/2/2004,00:00:00 AM,0.015
S1025,5/2/2004,1:00:00 AM,0.013
S1025,5/2/2004,2:00:00 AM,0.012
S1025,5/2/2004,3:00:00 AM,0.011
S1025,5/2/2004,4:00:00 AM,0.011
S1025,5/2/2004,5:00:00 AM,0.012
S1025,5/2/2004,6:00:00 AM,0.012
S1025,5/2/2004,7:00:00 AM,0.014
S1025,5/2/2004,8:00:00 AM,0.018
S1025,5/2/2004,9:00:00 AM,0.021
S1025,5/2/2004,10:00:00 AM,0.022
S1025,5/2/2004,11:00:00 AM,0.022
S1025,5/2/2004,12:00:00 PM,0.021
S1025,5/2/2004,1:00:00 PM,0.020
S1025,5/2/2004,2:00:00 PM,0.019
S1025,5/2/2004,3:00:00 PM,0.019
S1025,5/2/2004,4:00:00 PM,0.019
S1025,5/2/2004,5:00:00 PM,0.019
S1025,5/2/2004,6:00:00 PM,0.019
S1025,5/2/2004,7:00:00 PM,0.020
S1025,5/2/2004,8:00:00 PM,0.020
S1025,5/2/2004,9:00:00 PM,0.020
S1025,5/2/2004,10:00:00 PM,0.018
S1025,5/2/2004,11:00:00 PM,0.017
S1025,5/3/2004,00:00:00 AM,0.015
S1025,5/3/2004,1:00:00 AM,0.013
S1025,5/3/2004,2:00:00 AM,0.012
S1025,5/3/2004,3:00:00 AM,0.011
S1025,5/3/2004,4:00:00 AM,0.011
S1025,5/3/2004,5:00:00 AM,0.012
S1025,5/3/2004,6:00:00 AM,0.016
S1025,5/3/2004,7:00:00 AM,0.023
S1025,5/3/2004,8:00:00 AM,0.021
S1025,5/3/2004,9:00:00 AM,0.019
S1025,5/3/2004,10:00:00 AM,0.020
S1025,5/3/2004,11:00:00 AM,0.019
S1025,5/3/2004,12:00:00 PM,0.018
S1025,5/3/2004,1:00:00 PM,0.018
S1025,5/3/2004,2:00:00 PM,0.018
S1025,5/3/2004,3:00:00 PM,0.017
S1025,5/3/2004,4:00:00 PM,0.018
S1025,5/3/2004,5:00:00 PM,0.019
S1025,5/3/2004,6:00:00 PM,0.019
S1025,5/3/2004,7:00:00 PM,0.020
S1025,5/3/2004,8:00:00 PM,0.020
S1025,5/3/2004,9:00:00 PM,0.021
S1025,5/3/2004,10:00:00 PM,0.020
S1025,5/3/2004,11:00:00 PM,0.017
S1025,5/4/2004,00:00:00 AM,0.015
S1025,5/4/2004,1:00:00 AM,0.013
S1025,5/4/2004,2:00:00 AM,0.012
S1025,5/4/2004,3:00:00 AM,0.011
S1025,5/4/2004,4:00:00 AM,0.011
S1025,5/4/2004,5:00:00 AM,0.012
S1025,5/4/2004,6:00:00 AM,0.016
S1025,5/4/2004,7:00:00 AM,0.023
S1025,5/4/2004,8:00:00 AM,0.021
S1025,5/4/2004,9:00:00 AM,0.019
S1025,5/4/2004,10:00:00 AM,0.020
S1025,5/4/2004,11:00:00 AM,0.019
S1025,5/4/2004,12:00:00 PM,0.018
S1025,5/4/2004,1:00:00 PM,0.018
S1025,5/4/2004,2:00:00 PM,0.018
S1025,5/4/2004,3:00:00 PM,0.017
S1025,5/4/2004,4:00:00 PM,0.018
S1025,5/4/2004,5:00:00 PM,0.019
S1025,5/4/2004,6:00:00 PM,0.019
S1025,5/4/2004,7:00:00 PM,0.020
S1025,5/4/2004,8:00:00 PM,0.020
S1025,5/4/2004,9:00:00 PM,0.021
S1025,5/4/2004,10:00:00 PM,0.020
S1025,5/4/2004,11:00:00 PM,0.017
Tec_Wav,4/28/2004,00:00:00 AM,0.003
Tec_Wav,4/28/2004,1:00:00 AM,0.003
Tec_Wav,4/28/2004,2:00:00 AM,0.002
Tec_Wav,4/28/2004,3:00:00 AM,0.002
Tec_Wav,4/28/2004,4:00:00 AM,0.002
Tec_Wav,4/28/2004,5:00:00 AM,0.003
Tec_Wav,4/28/2004,6:00:00 AM,0.005
Tec_Wav,4/28/2004,7:00:00 AM,0.007
Tec_Wav,4/28/2004,8:00:00 AM,0.006
Tec_Wav,4/28/2004,9:00:00 AM,0.006
Tec_Wav,4/28/2004,10:00:00 AM,0.005
Tec_Wav,4/28/2004,11:00:00 AM,0.005
Tec_Wav,4/28/2004,12:00:00 PM,0.005
Tec_Wav,4/28/2004,1:00:00 PM,0.004
Tec_Wav,4/28/2004,2:00:00 PM,0.004
Tec_Wav,4/28/2004,3:00:00 PM,0.004
Tec_Wav,4/28/2004,4:00:00 PM,0.005
Tec_Wav,4/28/2004,5:00:00 PM,0.005
Tec_Wav,4/28/2004,6:00:00 PM,0.005
Tec_Wav,4/28/2004,7:00:00 PM,0.006
Tec_Wav,4/28/2004,8:00:00 PM,0.006
Tec_Wav,4/28/2004,9:00:00 PM,0.006
Tec_Wav,4/28/2004,10:00:00 PM,0.005
Tec_Wav,4/28/2004,11:00:00 PM,0.004
Tec_Wav,4/29/2004,00:00:00 AM,0.003
Tec_Wav,4/29/2004,1:00:00 AM,0.003
Tec_Wav,4/29/2004,2:00:00 AM,0.002
Tec_Wav,4/29/2004,3:00:00 AM,0.002
Tec_Wav,4/29/2004,4:00:00 AM,0.002
Tec_Wav,4/29/2004,5:00:00 AM,0.003
Tec_Wav,4/29/2004,6:00:00 AM,0.005
Tec_Wav,4/29/2004,7:00:00 AM,0.007
Tec_Wav,4/29/2004,8:00:00 AM,0.006
Tec_Wav,4/29/2004,9:00:00 AM,0.006
Tec_Wav,4/29/2004,10:00:00 AM,0.005
Tec_Wav,4/29/2004,11:00:00 AM,0.005
Tec_Wav,4/29/2004,12:00:00 PM,0.005
Tec_Wav,4/29/2004,1:00:00 PM,0.004
Tec_Wav,4/29/2004,2:00:00 PM,0.004
Tec_Wav,4/29/2004,3:00:00 PM,0.004
Tec_Wav,4/29/2004,4:00:00 PM,0.005
Tec_Wav,4/29/2004,5:00:00 PM,0.005
Tec_Wav,4/29/2004,6:00:00 PM,0.005
Tec_Wav,4/29/2004,7:00:00 PM,0.006
Tec_Wav,4/29/2004,8:00:00 PM,0.006
Tec_Wav,4/29/2004,9:00:00 PM,0.006
Tec_Wav,4/29/2004,10:00:00 PM,0.005
Tec_Wav,4/29/2004,11:00:00 PM,0.004
Tec_Wav,4/30/2004,00:00:00 AM,0.003
Tec_Wav,4/30/2004,1:00:00 AM,0.003
Tec_Wav,4/30/2004,2:00:00 AM,0.002
Tec_Wav,4/30/2004,3:00:00 AM,0.002
Tec_Wav,4/30/2004,4:00:00 AM,0.002
Tec_Wav,4/30/2004,5:00:00 AM,0.003
Tec_Wav,4/30/2004,6:00:00 AM,0.005
Tec_Wav,4/30/2004,7:00:00 AM,0.007
Tec_Wav,4/30/2004,8:00:00 AM,0.006
Tec_Wav,4/30/2004,9:00:00 AM,0.006
Tec_Wav,4/30/2004,10:00:00 AM,0.005
Tec_Wav,4/30/2004,11:00:00 AM,0.005
Tec_Wav,4/30/2004,12:00:00 PM,0.005
Tec_Wav,4/30/2004,1:00:00 PM,0.004
Tec_Wav,4/30/2004,2:00:00 PM,0.004
Tec_Wav,4/30/2004,3:00:00 PM,0.004
Tec_Wav,4/30/2004,4:00:00 PM,0.005
Tec_Wav,4/30/2004,5:00:00 PM,0.005
Tec_Wav,4/30/2004,6:00:00 PM,0.005
Tec_Wav,4/30/2004,7:00:00 PM,0.006
Tec_Wav,4/30/2004,8:00:00 PM,0.006
Tec_Wav,4/30/2004,9:00:00 PM,0.006
Tec_Wav,4/30/2004,10:00:00 PM,0.005
Tec_Wav,4/30/2004,11:00:00 PM,0.004
Tec_Wav,5/1/2004,00:00:00 AM,0.003
Tec_Wav,5/1/2004,1:00:00 AM,0.003
Tec_Wav,5/1/2004,2:00:00 AM,0.002
Tec_Wav,5/1/2004,3:00:00 AM,0.002
Tec_Wav,5/1/2004,4:00:00 AM,0.002
Tec_Wav,5/1/2004,5:00:00 AM,0.002
Tec_Wav,5/1/2004,6:00:00 AM,0.003
Tec_Wav,5/1/2004,7:00:00 AM,0.004
Tec_Wav,5/1/2004,8:00:00 AM,0.005
Tec_Wav,5/1/2004,9:00:00 AM,0.006
Tec_Wav,5/1/2004,10:00:00 AM,0.007
Tec_Wav,5/1/2004,11:00:00 AM,0.007
Tec_Wav,5/1/2004,12:00:00 PM,0.006
Tec_Wav,5/1/2004,1:00:00 PM,0.006
Tec_Wav,5/1/2004,2:00:00 PM,0.005
Tec_Wav,5/1/2004,3:00:00 PM,0.005
Tec_Wav,5/1/2004,4:00:00 PM,0.005
Tec_Wav,5/1/2004,5:00:00 PM,0.005
Tec_Wav,5/1/2004,6:00:00 PM,0.005
Tec_Wav,5/1/2004,7:00:00 PM,0.006
Tec_Wav,5/1/2004,8:00:00 PM,0.006
Tec_Wav,5/1/2004,9:00:00 PM,0.005
Tec_Wav,5/1/2004,10:00:00 PM,0.005
Tec_Wav,5/1/2004,11:00:00 PM,0.004
Tec_Wav,5/2/2004,00:00:00 AM,0.003
Tec_Wav,5/2/2004,1:00:00 AM,0.003
Tec_Wav,5/2/2004,2:00:00 AM,0.002
Tec_Wav,5/2/2004,3:00:00 AM,0.002
Tec_Wav,5/2/2004,4:00:00 AM,0.002
Tec_Wav,5/2/2004,5:00:00 AM,0.002
Tec_Wav,5/2/2004,6:00:00 AM,0.003
Tec_Wav,5/2/2004,7:00:00 AM,0.004
Tec_Wav,5/2/2004,8:00:00 AM,0.005
Tec_Wav,5/2/2004,9:00:00 AM,0.006
Tec_Wav,5/2/2004,10:00:00 AM,0.007
Tec_Wav,5/2/2004,11:00:00 AM,0.007
Tec_Wav,5/2/2004,12:00:00 PM,0.006
Tec_Wav,5/2/2004,1:00:00 PM,0.006
Tec_Wav,5/2/2004,2:00:00 PM,0.005
Tec_Wav,5/2/2004,3:00:00 PM,0.005
Tec_Wav,5/2/2004,4:00:00 PM,0.005
Tec_Wav,5/2/2004,5:00:00 PM,0.005
Tec_Wav,5/2/2004,6:00:00 PM,0.005
Tec_Wav,5/2/2004,7:00:00 PM,0.006
Tec_Wav,5/2/2004,8:00:00 PM,0.006
Tec_Wav,5/2/2004,9:00:00 PM,0.005
Tec_Wav,5/2/2004,10:00:00 PM,0.005
Tec_Wav,5/2/2004,11:00:00 PM,0.004
Tec_Wav,5/3/2004,00:00:00 AM,0.003
Tec_Wav,5/3/2004,1:00:00 AM,0.003
Tec_Wav,5/3/2004,2:00:00 AM,0.002
Tec_Wav,5/3/2004,3:00:00 AM,0.002
Tec_Wav,5/3/2004,4:00:00 AM,0.002
Tec_Wav,5/3/2004,5:00:00 AM,0.003
Tec_Wav,5/3/2004,6:00:00 AM,0.005
Tec_Wav,5/3/2004,7:00:00 AM,0.007
Tec_Wav,5/3/2004,8:00:00 AM,0.006
Tec_Wav,5/3/2004,9:00:00 AM,0.006
Tec_Wav,5/3/2004,10:00:00 AM,0.005
Tec_Wav,5/3/2004,11:00:00 AM,0.005
Tec_Wav,5/3/2004,12:00:00 PM,0.005
Tec_Wav,5/3/2004,1:00:00 PM,0.004
Tec_Wav,5/3/2004,2:00:00 PM,0.004
Tec_Wav,5/3/2004,3:00:00 PM,0.004
Tec_Wav,5/3/2004,4:00:00 PM,0.005
Tec_Wav,5/3/2004,5:00:00 PM,0.005
Tec_Wav,5/3/2004,6:00:00 PM,0.005
Tec_Wav,5/3/2004,7:00:00 PM,0.006
Tec_Wav,5/3/2004,8:00:00 PM,0.006
Tec_Wav,5/3/2004,9:00:00 PM,0.006
Tec_Wav,5/3/2004,10:00:00 PM,0.005
Tec_Wav,5/3/2004,11:00:00 PM,0.004
Tec_Wav,5/4/2004,00:00:00 AM,0.003
Tec_Wav,5/4/2004,1:00:00 AM,0.003
Tec_Wav,5/4/2004,2:00:00 AM,0.002
Tec_Wav,5/4/2004,3:00:00 AM,0.002
Tec_Wav,5/4/2004,4:00:00 AM,0.002
Tec_Wav,5/4/2004,5:00:00 AM,0.003
Tec_Wav,5/4/2004,6:00:00 AM,0.005
Tec_Wav,5/4/2004,7:00:00 AM,0.007
Tec_Wav,5/4/2004,8:00:00 AM,0.006
Tec_Wav,5/4/2004,9:00:00 AM,0.006
Tec_Wav,5/4/2004,10:00:00 AM,0.005
Tec_Wav,5/4/2004,11:00:00 AM,0.005
Tec_Wav,5/4/2004,12:00:00 PM,0.005
Tec_Wav,5/4/2004,1:00:00 PM,0.004
Tec_Wav,5/4/2004,2:00:00 PM,0.004
Tec_Wav,5/4/2004,3:00:00 PM,0.004
Tec_Wav,5/4/2004,4:00:00 PM,0.005
Tec_Wav,5/4/2004,5:00:00 PM,0.005
Tec_Wav,5/4/2004,6:00:00 PM,0.005
Tec_Wav,5/4/2004,7:00:00 PM,0.006
Tec_Wav,5/4/2004,8:00:00 PM,0.006
Tec_Wav,5/4/2004,9:00:00 PM,0.006
Tec_Wav,5/4/2004,10:00:00 PM,0.005
Tec_Wav,5/4/2004,11:00:00 PM,0.004
S2611,4/28/2004,00:00:00 AM,0.060
S2611,4/28/2004,1:00:00 AM,0.047
S2611,4/28/2004,2:00:00 AM,0.041
S2611,4/28/2004,3:00:00 AM,0.038
S2611,4/28/2004,4:00:00 AM,0.037
S2611,4/28/2004,5:00:00 AM,0.038
S2611,4/28/2004,6:00:00 AM,0.052
S2611,4/28/2004,7:00:00 AM,0.102
S2611,4/28/2004,8:00:00 AM,0.126
S2611,4/28/2004,9:00:00 AM,0.129
S2611,4/28/2004,10:00:00 AM,0.130
S2611,4/28/2004,11:00:00 AM,0.130
S2611,4/28/2004,12:00:00 PM,0.130
S2611,4/28/2004,1:00:00 PM,0.125
S2611,4/28/2004,2:00:00 PM,0.120
S2611,4/28/2004,3:00:00 PM,0.114
S2611,4/28/2004,4:00:00 PM,0.105
S2611,4/28/2004,5:00:00 PM,0.090
S2611,4/28/2004,6:00:00 PM,0.074
S2611,4/28/2004,7:00:00 PM,0.072
S2611,4/28/2004,8:00:00 PM,0.072
S2611,4/28/2004,9:00:00 PM,0.074
S2611,4/28/2004,10:00:00 PM,0.072
S2611,4/28/2004,11:00:00 PM,0.068
S2611,4/29/2004,00:00:00 AM,0.060
S2611,4/29/2004,1:00:00 AM,0.047
S2611,4/29/2004,2:00:00 AM,0.041
S2611,4/29/2004,3:00:00 AM,0.038
S2611,4/29/2004,4:00:00 AM,0.037
S2611,4/29/2004,5:00:00 AM,0.038
S2611,4/29/2004,6:00:00 AM,0.052
S2611,4/29/2004,7:00:00 AM,0.102
S2611,4/29/2004,8:00:00 AM,0.126
S2611,4/29/2004,9:00:00 AM,0.129
S2611,4/29/2004,10:00:00 AM,0.130
S2611,4/29/2004,11:00:00 AM,0.130
S2611,4/29/2004,12:00:00 PM,0.130
S2611,4/29/2004,1:00:00 PM,0.125
S2611,4/29/2004,2:00:00 PM,0.120
S2611,4/29/2004,3:00:00 PM,0.114
S2611,4/29/2004,4:00:00 PM,0.105
S2611,4/29/2004,5:00:00 PM,0.090
S2611,4/29/2004,6:00:00 PM,0.074
S2611,4/29/2004,7:00:00 PM,0.072
S2611,4/29/2004,8:00:00 PM,0.072
S2611,4/29/2004,9:00:00 PM,0.074
S2611,4/29/2004,10:00:00 PM,0.072
S2611,4/29/2004,11:00:00 PM,0.068
S2611,4/30/2004,00:00:00 AM,0.060
S2611,4/30/2004,1:00:00 AM,0.047
S2611,4/30/2004,2:00:00 AM,0.041
S2611,4/30/2004,3:00:00 AM,0.038
S2611,4/30/2004,4:00:00 AM,0.037
S2611,4/30/2004,5:00:00 AM,0.038
S2611,4/30/2004,6:00:00 AM,0.052
S2611,4/30/2004,7:00:00 AM,0.102
S2611,4/30/2004,8:00:00 AM,0.126
S2611,4/30/2004,9:00:00 AM,0.129
S2611,4/30/2004,10:00:00 AM,0.130
S2611,4/30/2004,11:00:00 AM,0.130
S2611,4/30/2004,12:00:00 PM,0.130
S2611,4/30/2004,1:00:00 PM,0.125
S2611,4/30/2004,2:00:00 PM,0.120
S2611,4/30/2004,3:00:00 PM,0.114
S2611,4/30/2004,4:00:00 PM,0.105
S2611,4/30/2004,5:00:00 PM,0.090
S2611,4/30/2004,6:00:00 PM,0.074
S2611,4/30/2004,7:00:00 PM,0.072
S2611,4/30/2004,8:00:00 PM,0.072
S2611,4/30/2004,9:00:00 PM,0.074
S2611,4/30/2004,10:00:00 PM,0.072
S2611,4/30/2004,11:00:00 PM,0.068
S2611,5/1/2004,00:00:00 AM,0.060
S2611,5/1/2004,1:00:00 AM,0.056
S2611,5/1/2004,2:00:00 AM,0.054
S2611,5/1/2004,3:00:00 AM,0.049
S2611,5/1/2004,4:00:00 AM,0.042
S2611,5/1/2004,5:00:00 AM,0.037
S2611,5/1/2004,6:00:00 AM,0.039
S2611,5/1/2004,7:00:00 AM,0.046
S2611,5/1/2004,8:00:00 AM,0.083
S2611,5/1/2004,9:00:00 AM,0.124
S2611,5/1/2004,10:00:00 AM,0.141
S2611,5/1/2004,11:00:00 AM,0.140
S2611,5/1/2004,12:00:00 PM,0.138
S2611,5/1/2004,1:00:00 PM,0.126
S2611,5/1/2004,2:00:00 PM,0.116
S2611,5/1/2004,3:00:00 PM,0.113
S2611,5/1/2004,4:00:00 PM,0.094
S2611,5/1/2004,5:00:00 PM,0.084
S2611,5/1/2004,6:00:00 PM,0.083
S2611,5/1/2004,7:00:00 PM,0.087
S2611,5/1/2004,8:00:00 PM,0.092
S2611,5/1/2004,9:00:00 PM,0.091
S2611,5/1/2004,10:00:00 PM,0.084
S2611,5/1/2004,11:00:00 PM,0.068
S2611,5/2/2004,00:00:00 AM,0.060
S2611,5/2/2004,1:00:00 AM,0.056
S2611,5/2/2004,2:00:00 AM,0.054
S2611,5/2/2004,3:00:00 AM,0.049
S2611,5/2/2004,4:00:00 AM,0.042
S2611,5/2/2004,5:00:00 AM,0.037
S2611,5/2/2004,6:00:00 AM,0.039
S2611,5/2/2004,7:00:00 AM,0.046
S2611,5/2/2004,8:00:00 AM,0.083
S2611,5/2/2004,9:00:00 AM,0.124
S2611,5/2/2004,10:00:00 AM,0.141
S2611,5/2/2004,11:00:00 AM,0.140
S2611,5/2/2004,12:00:00 PM,0.138
S2611,5/2/2004,1:00:00 PM,0.126
S2611,5/2/2004,2:00:00 PM,0.116
S2611,5/2/2004,3:00:00 PM,0.113
S2611,5/2/2004,4:00:00 PM,0.094
S2611,5/2/2004,5:00:00 PM,0.084
S2611,5/2/2004,6:00:00 PM,0.083
S2611,5/2/2004,7:00:00 PM,0.087
S2611,5/2/2004,8:00:00 PM,0.092
S2611,5/2/2004,9:00:00 PM,0.091
S2611,5/2/2004,10:00:00 PM,0.084
S2611,5/2/2004,11:00:00 PM,0.068
S2611,5/3/2004,00:00:00 AM,0.060
S2611,5/3/2004,1:00:00 AM,0.047
S2611,5/3/2004,2:00:00 AM,0.041
S2611,5/3/2004,3:00:00 AM,0.038
S2611,5/3/2004,4:00:00 AM,0.037
S2611,5/3/2004,5:00:00 AM,0.038
S2611,5/3/2004,6:00:00 AM,0.052
S2611,5/3/2004,7:00:00 AM,0.102
S2611,5/3/2004,8:00:00 AM,0.126
S2611,5/3/2004,9:00:00 AM,0.129
S2611,5/3/2004,10:00:00 AM,0.130
S2611,5/3/2004,11:00:00 AM,0.130
S2611,5/3/2004,12:00:00 PM,0.130
S2611,5/3/2004,1:00:00 PM,0.125
S2611,5/3/2004,2:00:00 PM,0.120
S2611,5/3/2004,3:00:00 PM,0.114
S2611,5/3/2004,4:00:00 PM,0.105
S2611,5/3/2004,5:00:00 PM,0.090
S2611,5/3/2004,6:00:00 PM,0.074
S2611,5/3/2004,7:00:00 PM,0.072
S2611,5/3/2004,8:00:00 PM,0.072
S2611,5/3/2004,9:00:00 PM,0.074
S2611,5/3/2004,10:00:00 PM,0.072
S2611,5/3/2004,11:00:00 PM,0.068
S2611,5/4/2004,00:00:00 AM,0.060
S2611,5/4/2004,1:00:00 AM,0.047
S2611,5/4/2004,2:00:00 AM,0.041
S2611,5/4/2004,3:00:00 AM,0.038
S2611,5/4/2004,4:00:00 AM,0.037
S2611,5/4/2004,5:00:00 AM,0.038
S2611,5/4/2004,6:00:00 AM,0.052
S2611,5/4/2004,7:00:00 AM,0.102
S2611,5/4/2004,8:00:00 AM,0.126
S2611,5/4/2004,9:00:00 AM,0.129
S2611,5/4/2004,10:00:00 AM,0.130
S2611,5/4/2004,11:00:00 AM,0.130
S2611,5/4/2004,12:00:00 PM,0.130
S2611,5/4/2004,1:00:00 PM,0.125
S2611,5/4/2004,2:00:00 PM,0.120
S2611,5/4/2004,3:00:00 PM,0.114
S2611,5/4/2004,4:00:00 PM,0.105
S2611,5/4/2004,5:00:00 PM,0.090
S2611,5/4/2004,6:00:00 PM,0.074
S2611,5/4/2004,7:00:00 PM,0.072
S2611,5/4/2004,8:00:00 PM,0.072
S2611,5/4/2004,9:00:00 PM,0.074
S2611,5/4/2004,10:00:00 PM,0.072
S2611,5/4/2004,11:00:00 PM,0.068
